filename,duplicate_group,distance_to_representative,status
datasets/raw/rdd2022/converted/images/China_MotorBike_000000.jpg,dup-00001,0,near_duplicate
datasets/raw/rdd2022/converted/images/China_MotorBike_000001.jpg,,,unique
datasets/raw/rdd2022/converted/images/China_MotorBike_000002.jpg,,,unique
datasets/raw/rdd2022/converted/images/China_MotorBike_000003.jpg,dup-00002,0,near_duplicate
datasets/raw/rdd2022/converted/images/China_MotorBike_000004.jpg,dup-00003,0,near_duplicate
datasets/raw/rdd2022/converted/images/China_MotorBike_000005.jpg,,,unique
datasets/raw/rdd2022/converted/images/China_MotorBike_000006.jpg,dup-00004,0,near_duplicate
datasets/raw/rdd2022/converted/images/China_MotorBike_000007.jpg,,,unique
datasets/raw/rdd2022/converted/images/China_MotorBike_000008.jpg,,,unique
datasets/raw/rdd2022/converted/images/China_MotorBike_000009.jpg,dup-00005,0,near_duplicate
datasets/raw/rdd2022/converted/images/China_MotorBike_000010.jpg,dup-00006,0,near_duplicate
datasets/raw/rdd2022/converted/images/China_MotorBike_000011.jpg,,,unique
datasets/raw/rdd2022/converted/images/China_MotorBike_000012.jpg,dup-00007,0,near_duplicate
datasets/raw/rdd2022/converted/images/China_MotorBike_000013.jpg,,,unique
datasets/raw/rdd2022/converted/images/China_MotorBike_000014.jpg,dup-00008,0,near_duplicate
datasets/raw/rdd2022/converted/images/China_MotorBike_000015.jpg,,,unique
datasets/raw/rdd2022/converted/images/China_MotorBike_000016.jpg,,,unique
datasets/raw/rdd2022/converted/images/China_MotorBike_000017.jpg,dup-00009,0,near_duplicate
datasets/raw/rdd2022/converted/images/China_MotorBike_000018.jpg,,,unique
datasets/raw/rdd2022/converted/images/China_MotorBike_000019.jpg,dup-00010,0,near_duplicate
datasets/raw/rdd2022/converted/images/China_MotorBike_000020.jpg,,,unique
datasets/raw/rdd2022/converted/images/China_MotorBike_000021.jpg,,,unique
datasets/raw/rdd2022/converted/images/China_MotorBike_000022.jpg,dup-00011,0,near_duplicate
datasets/raw/rdd2022/converted/images/China_MotorBike_000023.jpg,,,unique
datasets/raw/rdd2022/converted/images/China_MotorBike_000024.jpg,,,unique
datasets/raw/rdd2022/converted/images/China_MotorBike_000025.jpg,,,unique
datasets/raw/rdd2022/converted/images/China_MotorBike_000026.jpg,,,unique
datasets/raw/rdd2022/converted/images/China_MotorBike_000027.jpg,dup-00012,0,near_duplicate
datasets/raw/rdd2022/converted/images/China_MotorBike_000028.jpg,,,unique
datasets/raw/rdd2022/converted/images/China_MotorBike_000029.jpg,,,unique
datasets/raw/rdd2022/converted/images/China_MotorBike_000030.jpg,,,unique
datasets/raw/rdd2022/converted/images/China_MotorBike_000031.jpg,dup-00013,0,near_duplicate
datasets/raw/rdd2022/converted/images/China_MotorBike_000032.jpg,dup-00014,0,near_duplicate
datasets/raw/rdd2022/converted/images/China_MotorBike_000033.jpg,,,unique
datasets/raw/rdd2022/converted/images/China_MotorBike_000034.jpg,,,unique
datasets/raw/rdd2022/converted/images/China_MotorBike_000035.jpg,,,unique
datasets/raw/rdd2022/converted/images/China_MotorBike_000036.jpg,dup-00015,0,near_duplicate
datasets/raw/rdd2022/converted/images/China_MotorBike_000037.jpg,,,unique
datasets/raw/rdd2022/converted/images/China_MotorBike_000038.jpg,dup-00016,0,near_duplicate
datasets/raw/rdd2022/converted/images/China_MotorBike_000039.jpg,,,unique
datasets/raw/rdd2022/converted/images/China_MotorBike_000040.jpg,,,unique
datasets/raw/rdd2022/converted/images/China_MotorBike_000041.jpg,,,unique
datasets/raw/rdd2022/converted/images/China_MotorBike_000042.jpg,,,unique
datasets/raw/rdd2022/converted/images/China_MotorBike_000043.jpg,dup-00017,0,near_duplicate
datasets/raw/rdd2022/converted/images/China_MotorBike_000044.jpg,,,unique
datasets/raw/rdd2022/converted/images/China_MotorBike_000045.jpg,,,unique
datasets/raw/rdd2022/converted/images/China_MotorBike_000046.jpg,dup-00018,0,near_duplicate
datasets/raw/rdd2022/converted/images/China_MotorBike_000047.jpg,dup-00019,0,near_duplicate
datasets/raw/rdd2022/converted/images/China_MotorBike_000048.jpg,dup-00020,0,near_duplicate
datasets/raw/rdd2022/converted/images/China_MotorBike_000049.jpg,,,unique
datasets/raw/rdd2022/converted/images/China_MotorBike_000050.jpg,dup-00021,0,near_duplicate
datasets/raw/rdd2022/converted/images/China_MotorBike_000051.jpg,,,unique
datasets/raw/rdd2022/converted/images/China_MotorBike_000052.jpg,,,unique
datasets/raw/rdd2022/converted/images/China_MotorBike_000053.jpg,dup-00022,0,near_duplicate
datasets/raw/rdd2022/converted/images/China_MotorBike_000054.jpg,,,unique
datasets/raw/rdd2022/converted/images/China_MotorBike_000055.jpg,,,unique
datasets/raw/rdd2022/converted/images/China_MotorBike_000056.jpg,dup-00023,0,near_duplicate
datasets/raw/rdd2022/converted/images/China_MotorBike_000057.jpg,,,unique
datasets/raw/rdd2022/converted/images/China_MotorBike_000058.jpg,,,unique
datasets/raw/rdd2022/converted/images/China_MotorBike_000059.jpg,dup-00016,3,near_duplicate
datasets/raw/rdd2022/converted/images/China_MotorBike_000060.jpg,,,unique
datasets/raw/rdd2022/converted/images/China_MotorBike_000061.jpg,,,unique
datasets/raw/rdd2022/converted/images/China_MotorBike_000062.jpg,dup-00024,0,near_duplicate
datasets/raw/rdd2022/converted/images/China_MotorBike_000063.jpg,,,unique
datasets/raw/rdd2022/converted/images/China_MotorBike_000064.jpg,,,unique
datasets/raw/rdd2022/converted/images/China_MotorBike_000065.jpg,dup-00025,0,near_duplicate
datasets/raw/rdd2022/converted/images/China_MotorBike_000066.jpg,dup-00026,0,near_duplicate
datasets/raw/rdd2022/converted/images/China_MotorBike_000067.jpg,,,unique
datasets/raw/rdd2022/converted/images/China_MotorBike_000068.jpg,dup-00027,0,near_duplicate
datasets/raw/rdd2022/converted/images/China_MotorBike_000069.jpg,dup-00028,0,near_duplicate
datasets/raw/rdd2022/converted/images/China_MotorBike_000070.jpg,dup-00029,0,near_duplicate
datasets/raw/rdd2022/converted/images/China_MotorBike_000071.jpg,,,unique
datasets/raw/rdd2022/converted/images/China_MotorBike_000072.jpg,dup-00030,0,near_duplicate
datasets/raw/rdd2022/converted/images/China_MotorBike_000073.jpg,,,unique
datasets/raw/rdd2022/converted/images/China_MotorBike_000074.jpg,dup-00014,6,near_duplicate
datasets/raw/rdd2022/converted/images/China_MotorBike_000075.jpg,dup-00027,18,near_duplicate
datasets/raw/rdd2022/converted/images/China_MotorBike_000076.jpg,,,unique
datasets/raw/rdd2022/converted/images/China_MotorBike_000077.jpg,,,unique
datasets/raw/rdd2022/converted/images/China_MotorBike_000078.jpg,,,unique
datasets/raw/rdd2022/converted/images/China_MotorBike_000079.jpg,,,unique
datasets/raw/rdd2022/converted/images/China_MotorBike_000080.jpg,dup-00031,0,near_duplicate
datasets/raw/rdd2022/converted/images/China_MotorBike_000081.jpg,dup-00032,0,near_duplicate
datasets/raw/rdd2022/converted/images/China_MotorBike_000082.jpg,,,unique
datasets/raw/rdd2022/converted/images/China_MotorBike_000083.jpg,dup-00033,0,near_duplicate
datasets/raw/rdd2022/converted/images/China_MotorBike_000084.jpg,dup-00034,0,near_duplicate
datasets/raw/rdd2022/converted/images/China_MotorBike_000085.jpg,,,unique
datasets/raw/rdd2022/converted/images/China_MotorBike_000086.jpg,,,unique
datasets/raw/rdd2022/converted/images/China_MotorBike_000087.jpg,dup-00035,0,near_duplicate
datasets/raw/rdd2022/converted/images/China_MotorBike_000088.jpg,,,unique
datasets/raw/rdd2022/converted/images/China_MotorBike_000089.jpg,,,unique
datasets/raw/rdd2022/converted/images/China_MotorBike_000090.jpg,dup-00036,0,near_duplicate
datasets/raw/rdd2022/converted/images/China_MotorBike_000091.jpg,,,unique
datasets/raw/rdd2022/converted/images/China_MotorBike_000092.jpg,dup-00037,0,near_duplicate
datasets/raw/rdd2022/converted/images/China_MotorBike_000093.jpg,dup-00038,0,near_duplicate
datasets/raw/rdd2022/converted/images/China_MotorBike_000094.jpg,dup-00008,10,near_duplicate
datasets/raw/rdd2022/converted/images/China_MotorBike_000095.jpg,dup-00039,0,near_duplicate
datasets/raw/rdd2022/converted/images/China_MotorBike_000096.jpg,dup-00040,0,near_duplicate
datasets/raw/rdd2022/converted/images/China_MotorBike_000097.jpg,dup-00041,0,near_duplicate
datasets/raw/rdd2022/converted/images/China_MotorBike_000098.jpg,,,unique
datasets/raw/rdd2022/converted/images/China_MotorBike_000099.jpg,,,unique
datasets/raw/rdd2022/converted/images/China_MotorBike_000100.jpg,,,unique
datasets/raw/rdd2022/converted/images/China_MotorBike_000101.jpg,dup-00015,9,near_duplicate
datasets/raw/rdd2022/converted/images/China_MotorBike_000102.jpg,,,unique
datasets/raw/rdd2022/converted/images/China_MotorBike_000103.jpg,dup-00042,0,near_duplicate
datasets/raw/rdd2022/converted/images/China_MotorBike_000104.jpg,,,unique
datasets/raw/rdd2022/converted/images/China_MotorBike_000105.jpg,,,unique
datasets/raw/rdd2022/converted/images/China_MotorBike_000106.jpg,,,unique
datasets/raw/rdd2022/converted/images/China_MotorBike_000107.jpg,dup-00043,0,near_duplicate
datasets/raw/rdd2022/converted/images/China_MotorBike_000108.jpg,dup-00044,0,near_duplicate
datasets/raw/rdd2022/converted/images/China_MotorBike_000109.jpg,dup-00045,0,near_duplicate
datasets/raw/rdd2022/converted/images/China_MotorBike_000110.jpg,dup-00046,0,near_duplicate
datasets/raw/rdd2022/converted/images/China_MotorBike_000111.jpg,,,unique
datasets/raw/rdd2022/converted/images/China_MotorBike_000112.jpg,,,unique
datasets/raw/rdd2022/converted/images/China_MotorBike_000113.jpg,,,unique
datasets/raw/rdd2022/converted/images/China_MotorBike_000114.jpg,,,unique
datasets/raw/rdd2022/converted/images/China_MotorBike_000115.jpg,dup-00047,0,near_duplicate
datasets/raw/rdd2022/converted/images/China_MotorBike_000116.jpg,dup-00016,16,near_duplicate
datasets/raw/rdd2022/converted/images/China_MotorBike_000117.jpg,,,unique
datasets/raw/rdd2022/converted/images/China_MotorBike_000118.jpg,dup-00048,0,near_duplicate
datasets/raw/rdd2022/converted/images/China_MotorBike_000119.jpg,dup-00034,7,near_duplicate
datasets/raw/rdd2022/converted/images/China_MotorBike_000120.jpg,,,unique
datasets/raw/rdd2022/converted/images/China_MotorBike_000121.jpg,,,unique
datasets/raw/rdd2022/converted/images/China_MotorBike_000122.jpg,,,unique
datasets/raw/rdd2022/converted/images/China_MotorBike_000123.jpg,dup-00049,0,near_duplicate
datasets/raw/rdd2022/converted/images/China_MotorBike_000124.jpg,dup-00015,6,near_duplicate
datasets/raw/rdd2022/converted/images/China_MotorBike_000125.jpg,dup-00050,0,near_duplicate
datasets/raw/rdd2022/converted/images/China_MotorBike_000126.jpg,dup-00051,0,near_duplicate
datasets/raw/rdd2022/converted/images/China_MotorBike_000127.jpg,dup-00003,14,near_duplicate
datasets/raw/rdd2022/converted/images/China_MotorBike_000128.jpg,dup-00032,11,near_duplicate
datasets/raw/rdd2022/converted/images/China_MotorBike_000129.jpg,dup-00025,6,near_duplicate
datasets/raw/rdd2022/converted/images/China_MotorBike_000130.jpg,,,unique
datasets/raw/rdd2022/converted/images/China_MotorBike_000131.jpg,,,unique
datasets/raw/rdd2022/converted/images/China_MotorBike_000132.jpg,,,unique
datasets/raw/rdd2022/converted/images/China_MotorBike_000133.jpg,dup-00052,0,near_duplicate
datasets/raw/rdd2022/converted/images/China_MotorBike_000134.jpg,dup-00053,0,near_duplicate
datasets/raw/rdd2022/converted/images/China_MotorBike_000135.jpg,,,unique
datasets/raw/rdd2022/converted/images/China_MotorBike_000136.jpg,,,unique
datasets/raw/rdd2022/converted/images/China_MotorBike_000137.jpg,,,unique
datasets/raw/rdd2022/converted/images/China_MotorBike_000138.jpg,dup-00054,0,near_duplicate
datasets/raw/rdd2022/converted/images/China_MotorBike_000139.jpg,dup-00055,0,near_duplicate
datasets/raw/rdd2022/converted/images/China_MotorBike_000140.jpg,dup-00056,0,near_duplicate
datasets/raw/rdd2022/converted/images/China_MotorBike_000141.jpg,,,unique
datasets/raw/rdd2022/converted/images/China_MotorBike_000142.jpg,,,unique
datasets/raw/rdd2022/converted/images/China_MotorBike_000143.jpg,dup-00057,0,near_duplicate
datasets/raw/rdd2022/converted/images/China_MotorBike_000144.jpg,dup-00016,10,near_duplicate
datasets/raw/rdd2022/converted/images/China_MotorBike_000145.jpg,,,unique
datasets/raw/rdd2022/converted/images/China_MotorBike_000146.jpg,,,unique
datasets/raw/rdd2022/converted/images/China_MotorBike_000147.jpg,,,unique
datasets/raw/rdd2022/converted/images/China_MotorBike_000148.jpg,dup-00024,6,near_duplicate
datasets/raw/rdd2022/converted/images/China_MotorBike_000149.jpg,,,unique
datasets/raw/rdd2022/converted/images/China_MotorBike_000150.jpg,dup-00058,0,near_duplicate
datasets/raw/rdd2022/converted/images/China_MotorBike_000151.jpg,,,unique
datasets/raw/rdd2022/converted/images/China_MotorBike_000152.jpg,,,unique
datasets/raw/rdd2022/converted/images/China_MotorBike_000153.jpg,,,unique
datasets/raw/rdd2022/converted/images/China_MotorBike_000154.jpg,dup-00059,0,near_duplicate
datasets/raw/rdd2022/converted/images/China_MotorBike_000155.jpg,,,unique
datasets/raw/rdd2022/converted/images/China_MotorBike_000156.jpg,,,unique
datasets/raw/rdd2022/converted/images/China_MotorBike_000157.jpg,,,unique
datasets/raw/rdd2022/converted/images/China_MotorBike_000158.jpg,dup-00060,0,near_duplicate
datasets/raw/rdd2022/converted/images/China_MotorBike_000159.jpg,,,unique
datasets/raw/rdd2022/converted/images/China_MotorBike_000160.jpg,dup-00016,29,near_duplicate
datasets/raw/rdd2022/converted/images/China_MotorBike_000161.jpg,,,unique
datasets/raw/rdd2022/converted/images/China_MotorBike_000162.jpg,,,unique
datasets/raw/rdd2022/converted/images/China_MotorBike_000163.jpg,,,unique
datasets/raw/rdd2022/converted/images/China_MotorBike_000164.jpg,dup-00061,0,near_duplicate
datasets/raw/rdd2022/converted/images/China_MotorBike_000165.jpg,dup-00062,0,near_duplicate
datasets/raw/rdd2022/converted/images/China_MotorBike_000166.jpg,dup-00039,1,near_duplicate
datasets/raw/rdd2022/converted/images/China_MotorBike_000167.jpg,,,unique
datasets/raw/rdd2022/converted/images/China_MotorBike_000168.jpg,dup-00063,0,near_duplicate
datasets/raw/rdd2022/converted/images/China_MotorBike_000169.jpg,,,unique
datasets/raw/rdd2022/converted/images/China_MotorBike_000170.jpg,dup-00064,0,near_duplicate
datasets/raw/rdd2022/converted/images/China_MotorBike_000171.jpg,,,unique
datasets/raw/rdd2022/converted/images/China_MotorBike_000172.jpg,,,unique
datasets/raw/rdd2022/converted/images/China_MotorBike_000173.jpg,,,unique
datasets/raw/rdd2022/converted/images/China_MotorBike_000174.jpg,dup-00065,0,near_duplicate
datasets/raw/rdd2022/converted/images/China_MotorBike_000175.jpg,,,unique
datasets/raw/rdd2022/converted/images/China_MotorBike_000176.jpg,dup-00066,0,near_duplicate
datasets/raw/rdd2022/converted/images/China_MotorBike_000177.jpg,,,unique
datasets/raw/rdd2022/converted/images/China_MotorBike_000178.jpg,,,unique
datasets/raw/rdd2022/converted/images/China_MotorBike_000179.jpg,dup-00067,0,near_duplicate
datasets/raw/rdd2022/converted/images/China_MotorBike_000180.jpg,dup-00008,12,near_duplicate
datasets/raw/rdd2022/converted/images/China_MotorBike_000181.jpg,dup-00030,5,near_duplicate
datasets/raw/rdd2022/converted/images/China_MotorBike_000182.jpg,,,unique
datasets/raw/rdd2022/converted/images/China_MotorBike_000183.jpg,,,unique
datasets/raw/rdd2022/converted/images/China_MotorBike_000184.jpg,,,unique
datasets/raw/rdd2022/converted/images/China_MotorBike_000185.jpg,dup-00068,0,near_duplicate
datasets/raw/rdd2022/converted/images/China_MotorBike_000186.jpg,dup-00041,8,near_duplicate
datasets/raw/rdd2022/converted/images/China_MotorBike_000187.jpg,dup-00069,0,near_duplicate
datasets/raw/rdd2022/converted/images/China_MotorBike_000188.jpg,,,unique
datasets/raw/rdd2022/converted/images/China_MotorBike_000189.jpg,,,unique
datasets/raw/rdd2022/converted/images/China_MotorBike_000190.jpg,,,unique
datasets/raw/rdd2022/converted/images/China_MotorBike_000191.jpg,,,unique
datasets/raw/rdd2022/converted/images/China_MotorBike_000192.jpg,dup-00070,0,near_duplicate
datasets/raw/rdd2022/converted/images/China_MotorBike_000193.jpg,dup-00032,2,near_duplicate
datasets/raw/rdd2022/converted/images/China_MotorBike_000194.jpg,,,unique
datasets/raw/rdd2022/converted/images/China_MotorBike_000195.jpg,,,unique
datasets/raw/rdd2022/converted/images/China_MotorBike_000196.jpg,dup-00065,8,near_duplicate
datasets/raw/rdd2022/converted/images/China_MotorBike_000197.jpg,,,unique
datasets/raw/rdd2022/converted/images/China_MotorBike_000198.jpg,,,unique
datasets/raw/rdd2022/converted/images/China_MotorBike_000199.jpg,,,unique
datasets/raw/rdd2022/converted/images/China_MotorBike_000200.jpg,,,unique
datasets/raw/rdd2022/converted/images/China_MotorBike_000201.jpg,dup-00007,3,near_duplicate
datasets/raw/rdd2022/converted/images/China_MotorBike_000202.jpg,,,unique
datasets/raw/rdd2022/converted/images/China_MotorBike_000203.jpg,,,unique
datasets/raw/rdd2022/converted/images/China_MotorBike_000204.jpg,,,unique
datasets/raw/rdd2022/converted/images/China_MotorBike_000205.jpg,,,unique
datasets/raw/rdd2022/converted/images/China_MotorBike_000206.jpg,,,unique
datasets/raw/rdd2022/converted/images/China_MotorBike_000207.jpg,dup-00030,18,near_duplicate
datasets/raw/rdd2022/converted/images/China_MotorBike_000208.jpg,,,unique
datasets/raw/rdd2022/converted/images/China_MotorBike_000209.jpg,,,unique
datasets/raw/rdd2022/converted/images/China_MotorBike_000210.jpg,dup-00003,5,near_duplicate
datasets/raw/rdd2022/converted/images/China_MotorBike_000211.jpg,dup-00071,0,near_duplicate
datasets/raw/rdd2022/converted/images/China_MotorBike_000212.jpg,dup-00072,0,near_duplicate
datasets/raw/rdd2022/converted/images/China_MotorBike_000213.jpg,,,unique
datasets/raw/rdd2022/converted/images/China_MotorBike_000214.jpg,,,unique
datasets/raw/rdd2022/converted/images/China_MotorBike_000215.jpg,,,unique
datasets/raw/rdd2022/converted/images/China_MotorBike_000216.jpg,,,unique
datasets/raw/rdd2022/converted/images/China_MotorBike_000217.jpg,,,unique
datasets/raw/rdd2022/converted/images/China_MotorBike_000218.jpg,,,unique
datasets/raw/rdd2022/converted/images/China_MotorBike_000219.jpg,dup-00036,1,near_duplicate
datasets/raw/rdd2022/converted/images/China_MotorBike_000220.jpg,dup-00043,7,near_duplicate
datasets/raw/rdd2022/converted/images/China_MotorBike_000221.jpg,,,unique
datasets/raw/rdd2022/converted/images/China_MotorBike_000222.jpg,dup-00073,0,near_duplicate
datasets/raw/rdd2022/converted/images/China_MotorBike_000223.jpg,dup-00074,0,near_duplicate
datasets/raw/rdd2022/converted/images/China_MotorBike_000224.jpg,,,unique
datasets/raw/rdd2022/converted/images/China_MotorBike_000225.jpg,,,unique
datasets/raw/rdd2022/converted/images/China_MotorBike_000226.jpg,,,unique
datasets/raw/rdd2022/converted/images/China_MotorBike_000227.jpg,dup-00075,0,near_duplicate
datasets/raw/rdd2022/converted/images/China_MotorBike_000228.jpg,dup-00076,0,near_duplicate
datasets/raw/rdd2022/converted/images/China_MotorBike_000229.jpg,,,unique
datasets/raw/rdd2022/converted/images/China_MotorBike_000230.jpg,,,unique
datasets/raw/rdd2022/converted/images/China_MotorBike_000231.jpg,,,unique
datasets/raw/rdd2022/converted/images/China_MotorBike_000232.jpg,,,unique
datasets/raw/rdd2022/converted/images/China_MotorBike_000233.jpg,,,unique
datasets/raw/rdd2022/converted/images/China_MotorBike_000234.jpg,,,unique
datasets/raw/rdd2022/converted/images/China_MotorBike_000235.jpg,,,unique
datasets/raw/rdd2022/converted/images/China_MotorBike_000236.jpg,,,unique
datasets/raw/rdd2022/converted/images/China_MotorBike_000237.jpg,,,unique
datasets/raw/rdd2022/converted/images/China_MotorBike_000238.jpg,,,unique
datasets/raw/rdd2022/converted/images/China_MotorBike_000239.jpg,,,unique
datasets/raw/rdd2022/converted/images/China_MotorBike_000240.jpg,,,unique
datasets/raw/rdd2022/converted/images/China_MotorBike_000241.jpg,,,unique
datasets/raw/rdd2022/converted/images/China_MotorBike_000242.jpg,,,unique
datasets/raw/rdd2022/converted/images/China_MotorBike_000243.jpg,,,unique
datasets/raw/rdd2022/converted/images/China_MotorBike_000244.jpg,,,unique
datasets/raw/rdd2022/converted/images/China_MotorBike_000245.jpg,dup-00077,0,near_duplicate
datasets/raw/rdd2022/converted/images/China_MotorBike_000246.jpg,dup-00018,6,near_duplicate
datasets/raw/rdd2022/converted/images/China_MotorBike_000247.jpg,dup-00078,0,near_duplicate
datasets/raw/rdd2022/converted/images/China_MotorBike_000248.jpg,,,unique
datasets/raw/rdd2022/converted/images/China_MotorBike_000249.jpg,,,unique
datasets/raw/rdd2022/converted/images/China_MotorBike_000250.jpg,dup-00079,0,near_duplicate
datasets/raw/rdd2022/converted/images/China_MotorBike_000251.jpg,dup-00009,7,near_duplicate
datasets/raw/rdd2022/converted/images/China_MotorBike_000252.jpg,dup-00080,0,near_duplicate
datasets/raw/rdd2022/converted/images/China_MotorBike_000253.jpg,,,unique
datasets/raw/rdd2022/converted/images/China_MotorBike_000254.jpg,,,unique
datasets/raw/rdd2022/converted/images/China_MotorBike_000255.jpg,dup-00081,0,near_duplicate
datasets/raw/rdd2022/converted/images/China_MotorBike_000256.jpg,,,unique
datasets/raw/rdd2022/converted/images/China_MotorBike_000257.jpg,dup-00082,0,near_duplicate
datasets/raw/rdd2022/converted/images/China_MotorBike_000258.jpg,,,unique
datasets/raw/rdd2022/converted/images/China_MotorBike_000259.jpg,,,unique
datasets/raw/rdd2022/converted/images/China_MotorBike_000260.jpg,dup-00083,0,near_duplicate
datasets/raw/rdd2022/converted/images/China_MotorBike_000261.jpg,,,unique
datasets/raw/rdd2022/converted/images/China_MotorBike_000262.jpg,dup-00022,7,near_duplicate
datasets/raw/rdd2022/converted/images/China_MotorBike_000263.jpg,,,unique
datasets/raw/rdd2022/converted/images/China_MotorBike_000264.jpg,,,unique
datasets/raw/rdd2022/converted/images/China_MotorBike_000265.jpg,,,unique
datasets/raw/rdd2022/converted/images/China_MotorBike_000266.jpg,,,unique
datasets/raw/rdd2022/converted/images/China_MotorBike_000267.jpg,dup-00084,0,near_duplicate
datasets/raw/rdd2022/converted/images/China_MotorBike_000268.jpg,dup-00045,6,near_duplicate
datasets/raw/rdd2022/converted/images/China_MotorBike_000269.jpg,dup-00085,0,near_duplicate
datasets/raw/rdd2022/converted/images/China_MotorBike_000270.jpg,,,unique
datasets/raw/rdd2022/converted/images/China_MotorBike_000271.jpg,dup-00086,0,near_duplicate
datasets/raw/rdd2022/converted/images/China_MotorBike_000272.jpg,,,unique
datasets/raw/rdd2022/converted/images/China_MotorBike_000273.jpg,,,unique
datasets/raw/rdd2022/converted/images/China_MotorBike_000274.jpg,,,unique
datasets/raw/rdd2022/converted/images/China_MotorBike_000275.jpg,,,unique
datasets/raw/rdd2022/converted/images/China_MotorBike_000276.jpg,dup-00001,5,near_duplicate
datasets/raw/rdd2022/converted/images/China_MotorBike_000277.jpg,,,unique
datasets/raw/rdd2022/converted/images/China_MotorBike_000278.jpg,,,unique
datasets/raw/rdd2022/converted/images/China_MotorBike_000279.jpg,dup-00087,0,near_duplicate
datasets/raw/rdd2022/converted/images/China_MotorBike_000280.jpg,,,unique
datasets/raw/rdd2022/converted/images/China_MotorBike_000281.jpg,dup-00088,0,near_duplicate
datasets/raw/rdd2022/converted/images/China_MotorBike_000282.jpg,,,unique
datasets/raw/rdd2022/converted/images/China_MotorBike_000283.jpg,,,unique
datasets/raw/rdd2022/converted/images/China_MotorBike_000284.jpg,dup-00009,7,near_duplicate
datasets/raw/rdd2022/converted/images/China_MotorBike_000285.jpg,,,unique
datasets/raw/rdd2022/converted/images/China_MotorBike_000286.jpg,,,unique
datasets/raw/rdd2022/converted/images/China_MotorBike_000287.jpg,dup-00089,0,near_duplicate
datasets/raw/rdd2022/converted/images/China_MotorBike_000288.jpg,,,unique
datasets/raw/rdd2022/converted/images/China_MotorBike_000289.jpg,dup-00090,0,near_duplicate
datasets/raw/rdd2022/converted/images/China_MotorBike_000290.jpg,,,unique
datasets/raw/rdd2022/converted/images/China_MotorBike_000291.jpg,dup-00091,0,near_duplicate
datasets/raw/rdd2022/converted/images/China_MotorBike_000292.jpg,dup-00048,0,near_duplicate
datasets/raw/rdd2022/converted/images/China_MotorBike_000293.jpg,,,unique
datasets/raw/rdd2022/converted/images/China_MotorBike_000294.jpg,,,unique
datasets/raw/rdd2022/converted/images/China_MotorBike_000295.jpg,,,unique
datasets/raw/rdd2022/converted/images/China_MotorBike_000296.jpg,,,unique
datasets/raw/rdd2022/converted/images/China_MotorBike_000297.jpg,,,unique
datasets/raw/rdd2022/converted/images/China_MotorBike_000298.jpg,,,unique
datasets/raw/rdd2022/converted/images/China_MotorBike_000299.jpg,dup-00092,0,near_duplicate
datasets/raw/rdd2022/converted/images/China_MotorBike_000300.jpg,,,unique
datasets/raw/rdd2022/converted/images/China_MotorBike_000301.jpg,,,unique
datasets/raw/rdd2022/converted/images/China_MotorBike_000302.jpg,,,unique
datasets/raw/rdd2022/converted/images/China_MotorBike_000303.jpg,,,unique
datasets/raw/rdd2022/converted/images/China_MotorBike_000304.jpg,dup-00093,0,near_duplicate
datasets/raw/rdd2022/converted/images/China_MotorBike_000305.jpg,,,unique
datasets/raw/rdd2022/converted/images/China_MotorBike_000306.jpg,,,unique
datasets/raw/rdd2022/converted/images/China_MotorBike_000307.jpg,,,unique
datasets/raw/rdd2022/converted/images/China_MotorBike_000308.jpg,,,unique
datasets/raw/rdd2022/converted/images/China_MotorBike_000309.jpg,,,unique
datasets/raw/rdd2022/converted/images/China_MotorBike_000310.jpg,,,unique
datasets/raw/rdd2022/converted/images/China_MotorBike_000311.jpg,,,unique
datasets/raw/rdd2022/converted/images/China_MotorBike_000312.jpg,dup-00043,5,near_duplicate
datasets/raw/rdd2022/converted/images/China_MotorBike_000313.jpg,,,unique
datasets/raw/rdd2022/converted/images/China_MotorBike_000314.jpg,dup-00094,0,near_duplicate
datasets/raw/rdd2022/converted/images/China_MotorBike_000315.jpg,,,unique
datasets/raw/rdd2022/converted/images/China_MotorBike_000316.jpg,,,unique
datasets/raw/rdd2022/converted/images/China_MotorBike_000317.jpg,dup-00095,0,near_duplicate
datasets/raw/rdd2022/converted/images/China_MotorBike_000318.jpg,dup-00096,0,near_duplicate
datasets/raw/rdd2022/converted/images/China_MotorBike_000319.jpg,dup-00043,5,near_duplicate
datasets/raw/rdd2022/converted/images/China_MotorBike_000320.jpg,dup-00015,3,near_duplicate
datasets/raw/rdd2022/converted/images/China_MotorBike_000321.jpg,,,unique
datasets/raw/rdd2022/converted/images/China_MotorBike_000322.jpg,,,unique
datasets/raw/rdd2022/converted/images/China_MotorBike_000323.jpg,dup-00070,14,near_duplicate
datasets/raw/rdd2022/converted/images/China_MotorBike_000324.jpg,,,unique
datasets/raw/rdd2022/converted/images/China_MotorBike_000325.jpg,dup-00097,0,near_duplicate
datasets/raw/rdd2022/converted/images/China_MotorBike_000326.jpg,,,unique
datasets/raw/rdd2022/converted/images/China_MotorBike_000327.jpg,,,unique
datasets/raw/rdd2022/converted/images/China_MotorBike_000328.jpg,,,unique
datasets/raw/rdd2022/converted/images/China_MotorBike_000329.jpg,,,unique
datasets/raw/rdd2022/converted/images/China_MotorBike_000330.jpg,,,unique
datasets/raw/rdd2022/converted/images/China_MotorBike_000331.jpg,dup-00064,3,near_duplicate
datasets/raw/rdd2022/converted/images/China_MotorBike_000332.jpg,,,unique
datasets/raw/rdd2022/converted/images/China_MotorBike_000333.jpg,dup-00022,5,near_duplicate
datasets/raw/rdd2022/converted/images/China_MotorBike_000334.jpg,dup-00098,0,near_duplicate
datasets/raw/rdd2022/converted/images/China_MotorBike_000335.jpg,,,unique
datasets/raw/rdd2022/converted/images/China_MotorBike_000336.jpg,dup-00099,0,near_duplicate
datasets/raw/rdd2022/converted/images/China_MotorBike_000337.jpg,,,unique
datasets/raw/rdd2022/converted/images/China_MotorBike_000338.jpg,dup-00016,8,near_duplicate
datasets/raw/rdd2022/converted/images/China_MotorBike_000339.jpg,,,unique
datasets/raw/rdd2022/converted/images/China_MotorBike_000340.jpg,,,unique
datasets/raw/rdd2022/converted/images/China_MotorBike_000341.jpg,dup-00100,0,near_duplicate
datasets/raw/rdd2022/converted/images/China_MotorBike_000342.jpg,,,unique
datasets/raw/rdd2022/converted/images/China_MotorBike_000343.jpg,dup-00101,0,near_duplicate
datasets/raw/rdd2022/converted/images/China_MotorBike_000344.jpg,,,unique
datasets/raw/rdd2022/converted/images/China_MotorBike_000345.jpg,dup-00102,0,near_duplicate
datasets/raw/rdd2022/converted/images/China_MotorBike_000346.jpg,dup-00103,0,near_duplicate
datasets/raw/rdd2022/converted/images/China_MotorBike_000347.jpg,,,unique
datasets/raw/rdd2022/converted/images/China_MotorBike_000348.jpg,,,unique
datasets/raw/rdd2022/converted/images/China_MotorBike_000349.jpg,,,unique
datasets/raw/rdd2022/converted/images/China_MotorBike_000350.jpg,,,unique
datasets/raw/rdd2022/converted/images/China_MotorBike_000351.jpg,,,unique
datasets/raw/rdd2022/converted/images/China_MotorBike_000352.jpg,,,unique
datasets/raw/rdd2022/converted/images/China_MotorBike_000353.jpg,dup-00104,0,near_duplicate
datasets/raw/rdd2022/converted/images/China_MotorBike_000354.jpg,,,unique
datasets/raw/rdd2022/converted/images/China_MotorBike_000355.jpg,,,unique
datasets/raw/rdd2022/converted/images/China_MotorBike_000356.jpg,dup-00105,0,near_duplicate
datasets/raw/rdd2022/converted/images/China_MotorBike_000357.jpg,,,unique
datasets/raw/rdd2022/converted/images/China_MotorBike_000358.jpg,dup-00039,7,near_duplicate
datasets/raw/rdd2022/converted/images/China_MotorBike_000359.jpg,,,unique
datasets/raw/rdd2022/converted/images/China_MotorBike_000360.jpg,,,unique
datasets/raw/rdd2022/converted/images/China_MotorBike_000361.jpg,,,unique
datasets/raw/rdd2022/converted/images/China_MotorBike_000362.jpg,dup-00053,6,near_duplicate
datasets/raw/rdd2022/converted/images/China_MotorBike_000363.jpg,,,unique
datasets/raw/rdd2022/converted/images/China_MotorBike_000364.jpg,,,unique
datasets/raw/rdd2022/converted/images/China_MotorBike_000365.jpg,,,unique
datasets/raw/rdd2022/converted/images/China_MotorBike_000366.jpg,,,unique
datasets/raw/rdd2022/converted/images/China_MotorBike_000367.jpg,dup-00106,0,near_duplicate
datasets/raw/rdd2022/converted/images/China_MotorBike_000368.jpg,,,unique
datasets/raw/rdd2022/converted/images/China_MotorBike_000369.jpg,,,unique
datasets/raw/rdd2022/converted/images/China_MotorBike_000370.jpg,dup-00107,0,near_duplicate
datasets/raw/rdd2022/converted/images/China_MotorBike_000371.jpg,,,unique
datasets/raw/rdd2022/converted/images/China_MotorBike_000372.jpg,,,unique
datasets/raw/rdd2022/converted/images/China_MotorBike_000373.jpg,dup-00048,8,near_duplicate
datasets/raw/rdd2022/converted/images/China_MotorBike_000374.jpg,dup-00016,28,near_duplicate
datasets/raw/rdd2022/converted/images/China_MotorBike_000375.jpg,dup-00108,0,near_duplicate
datasets/raw/rdd2022/converted/images/China_MotorBike_000376.jpg,,,unique
datasets/raw/rdd2022/converted/images/China_MotorBike_000377.jpg,,,unique
datasets/raw/rdd2022/converted/images/China_MotorBike_000378.jpg,dup-00109,0,near_duplicate
datasets/raw/rdd2022/converted/images/China_MotorBike_000379.jpg,,,unique
datasets/raw/rdd2022/converted/images/China_MotorBike_000380.jpg,,,unique
datasets/raw/rdd2022/converted/images/China_MotorBike_000381.jpg,dup-00109,2,near_duplicate
datasets/raw/rdd2022/converted/images/China_MotorBike_000382.jpg,,,unique
datasets/raw/rdd2022/converted/images/China_MotorBike_000383.jpg,dup-00031,4,near_duplicate
datasets/raw/rdd2022/converted/images/China_MotorBike_000384.jpg,,,unique
datasets/raw/rdd2022/converted/images/China_MotorBike_000385.jpg,dup-00110,0,near_duplicate
datasets/raw/rdd2022/converted/images/China_MotorBike_000386.jpg,,,unique
datasets/raw/rdd2022/converted/images/China_MotorBike_000387.jpg,dup-00073,0,near_duplicate
datasets/raw/rdd2022/converted/images/China_MotorBike_000388.jpg,,,unique
datasets/raw/rdd2022/converted/images/China_MotorBike_000389.jpg,,,unique
datasets/raw/rdd2022/converted/images/China_MotorBike_000390.jpg,,,unique
datasets/raw/rdd2022/converted/images/China_MotorBike_000391.jpg,,,unique
datasets/raw/rdd2022/converted/images/China_MotorBike_000392.jpg,,,unique
datasets/raw/rdd2022/converted/images/China_MotorBike_000393.jpg,,,unique
datasets/raw/rdd2022/converted/images/China_MotorBike_000394.jpg,dup-00111,0,near_duplicate
datasets/raw/rdd2022/converted/images/China_MotorBike_000395.jpg,dup-00029,11,near_duplicate
datasets/raw/rdd2022/converted/images/China_MotorBike_000396.jpg,dup-00112,0,near_duplicate
datasets/raw/rdd2022/converted/images/China_MotorBike_000397.jpg,,,unique
datasets/raw/rdd2022/converted/images/China_MotorBike_000398.jpg,,,unique
datasets/raw/rdd2022/converted/images/China_MotorBike_000399.jpg,dup-00113,0,near_duplicate
datasets/raw/rdd2022/converted/images/China_MotorBike_000400.jpg,,,unique
datasets/raw/rdd2022/converted/images/China_MotorBike_000401.jpg,,,unique
datasets/raw/rdd2022/converted/images/China_MotorBike_000402.jpg,dup-00054,3,near_duplicate
datasets/raw/rdd2022/converted/images/China_MotorBike_000403.jpg,,,unique
datasets/raw/rdd2022/converted/images/China_MotorBike_000404.jpg,,,unique
datasets/raw/rdd2022/converted/images/China_MotorBike_000405.jpg,,,unique
datasets/raw/rdd2022/converted/images/China_MotorBike_000406.jpg,dup-00114,0,near_duplicate
datasets/raw/rdd2022/converted/images/China_MotorBike_000407.jpg,,,unique
datasets/raw/rdd2022/converted/images/China_MotorBike_000408.jpg,dup-00115,0,near_duplicate
datasets/raw/rdd2022/converted/images/China_MotorBike_000409.jpg,dup-00047,13,near_duplicate
datasets/raw/rdd2022/converted/images/China_MotorBike_000410.jpg,,,unique
datasets/raw/rdd2022/converted/images/China_MotorBike_000411.jpg,dup-00080,6,near_duplicate
datasets/raw/rdd2022/converted/images/China_MotorBike_000412.jpg,,,unique
datasets/raw/rdd2022/converted/images/China_MotorBike_000413.jpg,,,unique
datasets/raw/rdd2022/converted/images/China_MotorBike_000414.jpg,dup-00116,0,near_duplicate
datasets/raw/rdd2022/converted/images/China_MotorBike_000415.jpg,dup-00117,0,near_duplicate
datasets/raw/rdd2022/converted/images/China_MotorBike_000416.jpg,dup-00097,8,near_duplicate
datasets/raw/rdd2022/converted/images/China_MotorBike_000417.jpg,,,unique
datasets/raw/rdd2022/converted/images/China_MotorBike_000418.jpg,dup-00008,7,near_duplicate
datasets/raw/rdd2022/converted/images/China_MotorBike_000419.jpg,,,unique
datasets/raw/rdd2022/converted/images/China_MotorBike_000420.jpg,,,unique
datasets/raw/rdd2022/converted/images/China_MotorBike_000421.jpg,dup-00118,0,near_duplicate
datasets/raw/rdd2022/converted/images/China_MotorBike_000422.jpg,dup-00098,4,near_duplicate
datasets/raw/rdd2022/converted/images/China_MotorBike_000423.jpg,dup-00032,7,near_duplicate
datasets/raw/rdd2022/converted/images/China_MotorBike_000424.jpg,,,unique
datasets/raw/rdd2022/converted/images/China_MotorBike_000425.jpg,,,unique
datasets/raw/rdd2022/converted/images/China_MotorBike_000426.jpg,,,unique
datasets/raw/rdd2022/converted/images/China_MotorBike_000427.jpg,,,unique
datasets/raw/rdd2022/converted/images/China_MotorBike_000428.jpg,,,unique
datasets/raw/rdd2022/converted/images/China_MotorBike_000429.jpg,dup-00119,0,near_duplicate
datasets/raw/rdd2022/converted/images/China_MotorBike_000430.jpg,,,unique
datasets/raw/rdd2022/converted/images/China_MotorBike_000431.jpg,dup-00120,0,near_duplicate
datasets/raw/rdd2022/converted/images/China_MotorBike_000432.jpg,,,unique
datasets/raw/rdd2022/converted/images/China_MotorBike_000433.jpg,dup-00121,0,near_duplicate
datasets/raw/rdd2022/converted/images/China_MotorBike_000434.jpg,,,unique
datasets/raw/rdd2022/converted/images/China_MotorBike_000435.jpg,,,unique
datasets/raw/rdd2022/converted/images/China_MotorBike_000436.jpg,,,unique
datasets/raw/rdd2022/converted/images/China_MotorBike_000437.jpg,dup-00074,10,near_duplicate
datasets/raw/rdd2022/converted/images/China_MotorBike_000438.jpg,dup-00031,5,near_duplicate
datasets/raw/rdd2022/converted/images/China_MotorBike_000439.jpg,dup-00122,0,near_duplicate
datasets/raw/rdd2022/converted/images/China_MotorBike_000440.jpg,dup-00123,0,near_duplicate
datasets/raw/rdd2022/converted/images/China_MotorBike_000441.jpg,dup-00055,4,near_duplicate
datasets/raw/rdd2022/converted/images/China_MotorBike_000442.jpg,,,unique
datasets/raw/rdd2022/converted/images/China_MotorBike_000443.jpg,dup-00016,7,near_duplicate
datasets/raw/rdd2022/converted/images/China_MotorBike_000444.jpg,,,unique
datasets/raw/rdd2022/converted/images/China_MotorBike_000445.jpg,dup-00124,0,near_duplicate
datasets/raw/rdd2022/converted/images/China_MotorBike_000446.jpg,,,unique
datasets/raw/rdd2022/converted/images/China_MotorBike_000447.jpg,dup-00125,0,near_duplicate
datasets/raw/rdd2022/converted/images/China_MotorBike_000448.jpg,,,unique
datasets/raw/rdd2022/converted/images/China_MotorBike_000449.jpg,,,unique
datasets/raw/rdd2022/converted/images/China_MotorBike_000450.jpg,,,unique
datasets/raw/rdd2022/converted/images/China_MotorBike_000451.jpg,,,unique
datasets/raw/rdd2022/converted/images/China_MotorBike_000452.jpg,dup-00126,0,near_duplicate
datasets/raw/rdd2022/converted/images/China_MotorBike_000453.jpg,dup-00127,0,near_duplicate
datasets/raw/rdd2022/converted/images/China_MotorBike_000454.jpg,,,unique
datasets/raw/rdd2022/converted/images/China_MotorBike_000455.jpg,,,unique
datasets/raw/rdd2022/converted/images/China_MotorBike_000456.jpg,,,unique
datasets/raw/rdd2022/converted/images/China_MotorBike_000457.jpg,dup-00096,8,near_duplicate
datasets/raw/rdd2022/converted/images/China_MotorBike_000458.jpg,,,unique
datasets/raw/rdd2022/converted/images/China_MotorBike_000459.jpg,,,unique
datasets/raw/rdd2022/converted/images/China_MotorBike_000460.jpg,dup-00033,6,near_duplicate
datasets/raw/rdd2022/converted/images/China_MotorBike_000461.jpg,,,unique
datasets/raw/rdd2022/converted/images/China_MotorBike_000462.jpg,,,unique
datasets/raw/rdd2022/converted/images/China_MotorBike_000463.jpg,,,unique
datasets/raw/rdd2022/converted/images/China_MotorBike_000464.jpg,,,unique
datasets/raw/rdd2022/converted/images/China_MotorBike_000465.jpg,,,unique
datasets/raw/rdd2022/converted/images/China_MotorBike_000466.jpg,,,unique
datasets/raw/rdd2022/converted/images/China_MotorBike_000467.jpg,dup-00128,0,near_duplicate
datasets/raw/rdd2022/converted/images/China_MotorBike_000468.jpg,,,unique
datasets/raw/rdd2022/converted/images/China_MotorBike_000469.jpg,,,unique
datasets/raw/rdd2022/converted/images/China_MotorBike_000470.jpg,dup-00009,2,near_duplicate
datasets/raw/rdd2022/converted/images/China_MotorBike_000471.jpg,,,unique
datasets/raw/rdd2022/converted/images/China_MotorBike_000472.jpg,,,unique
datasets/raw/rdd2022/converted/images/China_MotorBike_000473.jpg,dup-00003,11,near_duplicate
datasets/raw/rdd2022/converted/images/China_MotorBike_000474.jpg,,,unique
datasets/raw/rdd2022/converted/images/China_MotorBike_000475.jpg,dup-00129,0,near_duplicate
datasets/raw/rdd2022/converted/images/China_MotorBike_000476.jpg,,,unique
datasets/raw/rdd2022/converted/images/China_MotorBike_000477.jpg,dup-00094,10,near_duplicate
datasets/raw/rdd2022/converted/images/China_MotorBike_000478.jpg,,,unique
datasets/raw/rdd2022/converted/images/China_MotorBike_000479.jpg,,,unique
datasets/raw/rdd2022/converted/images/China_MotorBike_000480.jpg,dup-00056,10,near_duplicate
datasets/raw/rdd2022/converted/images/China_MotorBike_000481.jpg,dup-00128,11,near_duplicate
datasets/raw/rdd2022/converted/images/China_MotorBike_000482.jpg,dup-00093,10,near_duplicate
datasets/raw/rdd2022/converted/images/China_MotorBike_000483.jpg,dup-00094,2,near_duplicate
datasets/raw/rdd2022/converted/images/China_MotorBike_000484.jpg,,,unique
datasets/raw/rdd2022/converted/images/China_MotorBike_000485.jpg,,,unique
datasets/raw/rdd2022/converted/images/China_MotorBike_000486.jpg,dup-00008,13,near_duplicate
datasets/raw/rdd2022/converted/images/China_MotorBike_000487.jpg,dup-00074,10,near_duplicate
datasets/raw/rdd2022/converted/images/China_MotorBike_000488.jpg,,,unique
datasets/raw/rdd2022/converted/images/China_MotorBike_000489.jpg,,,unique
datasets/raw/rdd2022/converted/images/China_MotorBike_000490.jpg,dup-00126,3,near_duplicate
datasets/raw/rdd2022/converted/images/China_MotorBike_000491.jpg,,,unique
datasets/raw/rdd2022/converted/images/China_MotorBike_000492.jpg,dup-00056,5,near_duplicate
datasets/raw/rdd2022/converted/images/China_MotorBike_000493.jpg,dup-00008,20,near_duplicate
datasets/raw/rdd2022/converted/images/China_MotorBike_000494.jpg,,,unique
datasets/raw/rdd2022/converted/images/China_MotorBike_000495.jpg,,,unique
datasets/raw/rdd2022/converted/images/China_MotorBike_000496.jpg,dup-00117,12,near_duplicate
datasets/raw/rdd2022/converted/images/China_MotorBike_000497.jpg,dup-00007,6,near_duplicate
datasets/raw/rdd2022/converted/images/China_MotorBike_000498.jpg,dup-00130,0,near_duplicate
datasets/raw/rdd2022/converted/images/China_MotorBike_000499.jpg,,,unique
datasets/raw/rdd2022/converted/images/China_MotorBike_000500.jpg,dup-00087,4,near_duplicate
datasets/raw/rdd2022/converted/images/China_MotorBike_000501.jpg,,,unique
datasets/raw/rdd2022/converted/images/China_MotorBike_000502.jpg,,,unique
datasets/raw/rdd2022/converted/images/China_MotorBike_000503.jpg,,,unique
datasets/raw/rdd2022/converted/images/China_MotorBike_000504.jpg,,,unique
datasets/raw/rdd2022/converted/images/China_MotorBike_000505.jpg,,,unique
datasets/raw/rdd2022/converted/images/China_MotorBike_000506.jpg,,,unique
datasets/raw/rdd2022/converted/images/China_MotorBike_000507.jpg,dup-00077,6,near_duplicate
datasets/raw/rdd2022/converted/images/China_MotorBike_000508.jpg,,,unique
datasets/raw/rdd2022/converted/images/China_MotorBike_000509.jpg,dup-00085,8,near_duplicate
datasets/raw/rdd2022/converted/images/China_MotorBike_000510.jpg,,,unique
datasets/raw/rdd2022/converted/images/China_MotorBike_000511.jpg,,,unique
datasets/raw/rdd2022/converted/images/China_MotorBike_000512.jpg,,,unique
datasets/raw/rdd2022/converted/images/China_MotorBike_000513.jpg,,,unique
datasets/raw/rdd2022/converted/images/China_MotorBike_000514.jpg,dup-00068,4,near_duplicate
datasets/raw/rdd2022/converted/images/China_MotorBike_000515.jpg,dup-00016,4,near_duplicate
datasets/raw/rdd2022/converted/images/China_MotorBike_000516.jpg,,,unique
datasets/raw/rdd2022/converted/images/China_MotorBike_000517.jpg,,,unique
datasets/raw/rdd2022/converted/images/China_MotorBike_000518.jpg,,,unique
datasets/raw/rdd2022/converted/images/China_MotorBike_000519.jpg,dup-00131,0,near_duplicate
datasets/raw/rdd2022/converted/images/China_MotorBike_000520.jpg,,,unique
datasets/raw/rdd2022/converted/images/China_MotorBike_000521.jpg,,,unique
datasets/raw/rdd2022/converted/images/China_MotorBike_000522.jpg,dup-00132,0,near_duplicate
datasets/raw/rdd2022/converted/images/China_MotorBike_000523.jpg,,,unique
datasets/raw/rdd2022/converted/images/China_MotorBike_000524.jpg,,,unique
datasets/raw/rdd2022/converted/images/China_MotorBike_000525.jpg,,,unique
datasets/raw/rdd2022/converted/images/China_MotorBike_000526.jpg,dup-00066,9,near_duplicate
datasets/raw/rdd2022/converted/images/China_MotorBike_000527.jpg,dup-00014,8,near_duplicate
datasets/raw/rdd2022/converted/images/China_MotorBike_000528.jpg,dup-00133,0,near_duplicate
datasets/raw/rdd2022/converted/images/China_MotorBike_000529.jpg,,,unique
datasets/raw/rdd2022/converted/images/China_MotorBike_000530.jpg,,,unique
datasets/raw/rdd2022/converted/images/China_MotorBike_000531.jpg,dup-00134,0,near_duplicate
datasets/raw/rdd2022/converted/images/China_MotorBike_000532.jpg,dup-00135,0,near_duplicate
datasets/raw/rdd2022/converted/images/China_MotorBike_000533.jpg,,,unique
datasets/raw/rdd2022/converted/images/China_MotorBike_000534.jpg,dup-00016,5,near_duplicate
datasets/raw/rdd2022/converted/images/China_MotorBike_000535.jpg,,,unique
datasets/raw/rdd2022/converted/images/China_MotorBike_000536.jpg,dup-00136,0,near_duplicate
datasets/raw/rdd2022/converted/images/China_MotorBike_000537.jpg,dup-00085,6,near_duplicate
datasets/raw/rdd2022/converted/images/China_MotorBike_000538.jpg,,,unique
datasets/raw/rdd2022/converted/images/China_MotorBike_000539.jpg,dup-00009,14,near_duplicate
datasets/raw/rdd2022/converted/images/China_MotorBike_000540.jpg,,,unique
datasets/raw/rdd2022/converted/images/China_MotorBike_000541.jpg,dup-00051,4,near_duplicate
datasets/raw/rdd2022/converted/images/China_MotorBike_000542.jpg,,,unique
datasets/raw/rdd2022/converted/images/China_MotorBike_000543.jpg,,,unique
datasets/raw/rdd2022/converted/images/China_MotorBike_000544.jpg,,,unique
datasets/raw/rdd2022/converted/images/China_MotorBike_000545.jpg,dup-00137,0,near_duplicate
datasets/raw/rdd2022/converted/images/China_MotorBike_000546.jpg,,,unique
datasets/raw/rdd2022/converted/images/China_MotorBike_000547.jpg,dup-00027,14,near_duplicate
datasets/raw/rdd2022/converted/images/China_MotorBike_000548.jpg,,,unique
datasets/raw/rdd2022/converted/images/China_MotorBike_000549.jpg,,,unique
datasets/raw/rdd2022/converted/images/China_MotorBike_000550.jpg,,,unique
datasets/raw/rdd2022/converted/images/China_MotorBike_000551.jpg,,,unique
datasets/raw/rdd2022/converted/images/China_MotorBike_000552.jpg,dup-00019,3,near_duplicate
datasets/raw/rdd2022/converted/images/China_MotorBike_000553.jpg,,,unique
datasets/raw/rdd2022/converted/images/China_MotorBike_000554.jpg,dup-00112,5,near_duplicate
datasets/raw/rdd2022/converted/images/China_MotorBike_000555.jpg,,,unique
datasets/raw/rdd2022/converted/images/China_MotorBike_000556.jpg,dup-00059,5,near_duplicate
datasets/raw/rdd2022/converted/images/China_MotorBike_000557.jpg,dup-00024,5,near_duplicate
datasets/raw/rdd2022/converted/images/China_MotorBike_000558.jpg,dup-00019,4,near_duplicate
datasets/raw/rdd2022/converted/images/China_MotorBike_000559.jpg,,,unique
datasets/raw/rdd2022/converted/images/China_MotorBike_000560.jpg,,,unique
datasets/raw/rdd2022/converted/images/China_MotorBike_000561.jpg,,,unique
datasets/raw/rdd2022/converted/images/China_MotorBike_000562.jpg,dup-00047,11,near_duplicate
datasets/raw/rdd2022/converted/images/China_MotorBike_000563.jpg,,,unique
datasets/raw/rdd2022/converted/images/China_MotorBike_000564.jpg,dup-00016,27,near_duplicate
datasets/raw/rdd2022/converted/images/China_MotorBike_000565.jpg,dup-00053,7,near_duplicate
datasets/raw/rdd2022/converted/images/China_MotorBike_000566.jpg,,,unique
datasets/raw/rdd2022/converted/images/China_MotorBike_000567.jpg,,,unique
datasets/raw/rdd2022/converted/images/China_MotorBike_000568.jpg,dup-00122,6,near_duplicate
datasets/raw/rdd2022/converted/images/China_MotorBike_000569.jpg,,,unique
datasets/raw/rdd2022/converted/images/China_MotorBike_000570.jpg,,,unique
datasets/raw/rdd2022/converted/images/China_MotorBike_000571.jpg,dup-00029,19,near_duplicate
datasets/raw/rdd2022/converted/images/China_MotorBike_000572.jpg,dup-00094,9,near_duplicate
datasets/raw/rdd2022/converted/images/China_MotorBike_000573.jpg,,,unique
datasets/raw/rdd2022/converted/images/China_MotorBike_000574.jpg,,,unique
datasets/raw/rdd2022/converted/images/China_MotorBike_000575.jpg,,,unique
datasets/raw/rdd2022/converted/images/China_MotorBike_000576.jpg,,,unique
datasets/raw/rdd2022/converted/images/China_MotorBike_000577.jpg,dup-00061,10,near_duplicate
datasets/raw/rdd2022/converted/images/China_MotorBike_000578.jpg,,,unique
datasets/raw/rdd2022/converted/images/China_MotorBike_000579.jpg,,,unique
datasets/raw/rdd2022/converted/images/China_MotorBike_000580.jpg,,,unique
datasets/raw/rdd2022/converted/images/China_MotorBike_000581.jpg,,,unique
datasets/raw/rdd2022/converted/images/China_MotorBike_000582.jpg,dup-00003,16,near_duplicate
datasets/raw/rdd2022/converted/images/China_MotorBike_000583.jpg,,,unique
datasets/raw/rdd2022/converted/images/China_MotorBike_000584.jpg,dup-00043,4,near_duplicate
datasets/raw/rdd2022/converted/images/China_MotorBike_000585.jpg,,,unique
datasets/raw/rdd2022/converted/images/China_MotorBike_000586.jpg,,,unique
datasets/raw/rdd2022/converted/images/China_MotorBike_000587.jpg,dup-00034,4,near_duplicate
datasets/raw/rdd2022/converted/images/China_MotorBike_000588.jpg,dup-00027,10,near_duplicate
datasets/raw/rdd2022/converted/images/China_MotorBike_000589.jpg,dup-00016,4,near_duplicate
datasets/raw/rdd2022/converted/images/China_MotorBike_000590.jpg,dup-00090,5,near_duplicate
datasets/raw/rdd2022/converted/images/China_MotorBike_000591.jpg,,,unique
datasets/raw/rdd2022/converted/images/China_MotorBike_000592.jpg,,,unique
datasets/raw/rdd2022/converted/images/China_MotorBike_000593.jpg,dup-00132,7,near_duplicate
datasets/raw/rdd2022/converted/images/China_MotorBike_000594.jpg,,,unique
datasets/raw/rdd2022/converted/images/China_MotorBike_000595.jpg,dup-00034,5,near_duplicate
datasets/raw/rdd2022/converted/images/China_MotorBike_000596.jpg,,,unique
datasets/raw/rdd2022/converted/images/China_MotorBike_000597.jpg,dup-00086,2,near_duplicate
datasets/raw/rdd2022/converted/images/China_MotorBike_000598.jpg,dup-00016,20,near_duplicate
datasets/raw/rdd2022/converted/images/China_MotorBike_000599.jpg,dup-00138,0,near_duplicate
datasets/raw/rdd2022/converted/images/China_MotorBike_000600.jpg,,,unique
datasets/raw/rdd2022/converted/images/China_MotorBike_000601.jpg,dup-00070,10,near_duplicate
datasets/raw/rdd2022/converted/images/China_MotorBike_000602.jpg,dup-00030,15,near_duplicate
datasets/raw/rdd2022/converted/images/China_MotorBike_000603.jpg,dup-00139,0,near_duplicate
datasets/raw/rdd2022/converted/images/China_MotorBike_000604.jpg,dup-00105,5,near_duplicate
datasets/raw/rdd2022/converted/images/China_MotorBike_000605.jpg,,,unique
datasets/raw/rdd2022/converted/images/China_MotorBike_000606.jpg,,,unique
datasets/raw/rdd2022/converted/images/China_MotorBike_000607.jpg,,,unique
datasets/raw/rdd2022/converted/images/China_MotorBike_000608.jpg,,,unique
datasets/raw/rdd2022/converted/images/China_MotorBike_000609.jpg,dup-00076,4,near_duplicate
datasets/raw/rdd2022/converted/images/China_MotorBike_000610.jpg,dup-00016,7,near_duplicate
datasets/raw/rdd2022/converted/images/China_MotorBike_000611.jpg,,,unique
datasets/raw/rdd2022/converted/images/China_MotorBike_000612.jpg,,,unique
datasets/raw/rdd2022/converted/images/China_MotorBike_000613.jpg,dup-00016,22,near_duplicate
datasets/raw/rdd2022/converted/images/China_MotorBike_000614.jpg,,,unique
datasets/raw/rdd2022/converted/images/China_MotorBike_000615.jpg,dup-00137,6,near_duplicate
datasets/raw/rdd2022/converted/images/China_MotorBike_000616.jpg,dup-00091,5,near_duplicate
datasets/raw/rdd2022/converted/images/China_MotorBike_000617.jpg,,,unique
datasets/raw/rdd2022/converted/images/China_MotorBike_000618.jpg,,,unique
datasets/raw/rdd2022/converted/images/China_MotorBike_000619.jpg,,,unique
datasets/raw/rdd2022/converted/images/China_MotorBike_000620.jpg,dup-00027,8,near_duplicate
datasets/raw/rdd2022/converted/images/China_MotorBike_000621.jpg,,,unique
datasets/raw/rdd2022/converted/images/China_MotorBike_000622.jpg,,,unique
datasets/raw/rdd2022/converted/images/China_MotorBike_000623.jpg,,,unique
datasets/raw/rdd2022/converted/images/China_MotorBike_000624.jpg,,,unique
datasets/raw/rdd2022/converted/images/China_MotorBike_000625.jpg,,,unique
datasets/raw/rdd2022/converted/images/China_MotorBike_000626.jpg,,,unique
datasets/raw/rdd2022/converted/images/China_MotorBike_000627.jpg,dup-00016,22,near_duplicate
datasets/raw/rdd2022/converted/images/China_MotorBike_000628.jpg,dup-00139,6,near_duplicate
datasets/raw/rdd2022/converted/images/China_MotorBike_000629.jpg,,,unique
datasets/raw/rdd2022/converted/images/China_MotorBike_000630.jpg,,,unique
datasets/raw/rdd2022/converted/images/China_MotorBike_000631.jpg,,,unique
datasets/raw/rdd2022/converted/images/China_MotorBike_000632.jpg,dup-00047,4,near_duplicate
datasets/raw/rdd2022/converted/images/China_MotorBike_000633.jpg,dup-00103,6,near_duplicate
datasets/raw/rdd2022/converted/images/China_MotorBike_000634.jpg,,,unique
datasets/raw/rdd2022/converted/images/China_MotorBike_000635.jpg,dup-00053,7,near_duplicate
datasets/raw/rdd2022/converted/images/China_MotorBike_000636.jpg,,,unique
datasets/raw/rdd2022/converted/images/China_MotorBike_000637.jpg,,,unique
datasets/raw/rdd2022/converted/images/China_MotorBike_000638.jpg,dup-00012,13,near_duplicate
datasets/raw/rdd2022/converted/images/China_MotorBike_000639.jpg,,,unique
datasets/raw/rdd2022/converted/images/China_MotorBike_000640.jpg,dup-00086,8,near_duplicate
datasets/raw/rdd2022/converted/images/China_MotorBike_000641.jpg,,,unique
datasets/raw/rdd2022/converted/images/China_MotorBike_000642.jpg,,,unique
datasets/raw/rdd2022/converted/images/China_MotorBike_000643.jpg,dup-00140,0,near_duplicate
datasets/raw/rdd2022/converted/images/China_MotorBike_000644.jpg,,,unique
datasets/raw/rdd2022/converted/images/China_MotorBike_000645.jpg,,,unique
datasets/raw/rdd2022/converted/images/China_MotorBike_000646.jpg,dup-00100,8,near_duplicate
datasets/raw/rdd2022/converted/images/China_MotorBike_000647.jpg,,,unique
datasets/raw/rdd2022/converted/images/China_MotorBike_000648.jpg,,,unique
datasets/raw/rdd2022/converted/images/China_MotorBike_000649.jpg,,,unique
datasets/raw/rdd2022/converted/images/China_MotorBike_000650.jpg,dup-00066,6,near_duplicate
datasets/raw/rdd2022/converted/images/China_MotorBike_000651.jpg,dup-00006,10,near_duplicate
datasets/raw/rdd2022/converted/images/China_MotorBike_000652.jpg,dup-00141,0,near_duplicate
datasets/raw/rdd2022/converted/images/China_MotorBike_000653.jpg,,,unique
datasets/raw/rdd2022/converted/images/China_MotorBike_000654.jpg,dup-00142,0,near_duplicate
datasets/raw/rdd2022/converted/images/China_MotorBike_000655.jpg,,,unique
datasets/raw/rdd2022/converted/images/China_MotorBike_000656.jpg,,,unique
datasets/raw/rdd2022/converted/images/China_MotorBike_000657.jpg,,,unique
datasets/raw/rdd2022/converted/images/China_MotorBike_000658.jpg,,,unique
datasets/raw/rdd2022/converted/images/China_MotorBike_000659.jpg,dup-00061,6,near_duplicate
datasets/raw/rdd2022/converted/images/China_MotorBike_000660.jpg,dup-00143,0,near_duplicate
datasets/raw/rdd2022/converted/images/China_MotorBike_000661.jpg,,,unique
datasets/raw/rdd2022/converted/images/China_MotorBike_000662.jpg,,,unique
datasets/raw/rdd2022/converted/images/China_MotorBike_000663.jpg,dup-00109,7,near_duplicate
datasets/raw/rdd2022/converted/images/China_MotorBike_000664.jpg,dup-00137,5,near_duplicate
datasets/raw/rdd2022/converted/images/China_MotorBike_000665.jpg,dup-00144,0,near_duplicate
datasets/raw/rdd2022/converted/images/China_MotorBike_000666.jpg,dup-00120,9,near_duplicate
datasets/raw/rdd2022/converted/images/China_MotorBike_000667.jpg,,,unique
datasets/raw/rdd2022/converted/images/China_MotorBike_000668.jpg,,,unique
datasets/raw/rdd2022/converted/images/China_MotorBike_000669.jpg,,,unique
datasets/raw/rdd2022/converted/images/China_MotorBike_000670.jpg,,,unique
datasets/raw/rdd2022/converted/images/China_MotorBike_000671.jpg,,,unique
datasets/raw/rdd2022/converted/images/China_MotorBike_000672.jpg,dup-00145,0,near_duplicate
datasets/raw/rdd2022/converted/images/China_MotorBike_000673.jpg,,,unique
datasets/raw/rdd2022/converted/images/China_MotorBike_000674.jpg,,,unique
datasets/raw/rdd2022/converted/images/China_MotorBike_000675.jpg,,,unique
datasets/raw/rdd2022/converted/images/China_MotorBike_000676.jpg,,,unique
datasets/raw/rdd2022/converted/images/China_MotorBike_000677.jpg,dup-00146,0,near_duplicate
datasets/raw/rdd2022/converted/images/China_MotorBike_000678.jpg,,,unique
datasets/raw/rdd2022/converted/images/China_MotorBike_000679.jpg,dup-00147,0,near_duplicate
datasets/raw/rdd2022/converted/images/China_MotorBike_000680.jpg,,,unique
datasets/raw/rdd2022/converted/images/China_MotorBike_000681.jpg,dup-00026,6,near_duplicate
datasets/raw/rdd2022/converted/images/China_MotorBike_000682.jpg,dup-00148,0,near_duplicate
datasets/raw/rdd2022/converted/images/China_MotorBike_000683.jpg,,,unique
datasets/raw/rdd2022/converted/images/China_MotorBike_000684.jpg,,,unique
datasets/raw/rdd2022/converted/images/China_MotorBike_000685.jpg,,,unique
datasets/raw/rdd2022/converted/images/China_MotorBike_000686.jpg,dup-00078,5,near_duplicate
datasets/raw/rdd2022/converted/images/China_MotorBike_000687.jpg,dup-00106,8,near_duplicate
datasets/raw/rdd2022/converted/images/China_MotorBike_000688.jpg,,,unique
datasets/raw/rdd2022/converted/images/China_MotorBike_000689.jpg,,,unique
datasets/raw/rdd2022/converted/images/China_MotorBike_000690.jpg,,,unique
datasets/raw/rdd2022/converted/images/China_MotorBike_000691.jpg,dup-00001,7,near_duplicate
datasets/raw/rdd2022/converted/images/China_MotorBike_000692.jpg,dup-00115,5,near_duplicate
datasets/raw/rdd2022/converted/images/China_MotorBike_000693.jpg,,,unique
datasets/raw/rdd2022/converted/images/China_MotorBike_000694.jpg,dup-00027,11,near_duplicate
datasets/raw/rdd2022/converted/images/China_MotorBike_000695.jpg,,,unique
datasets/raw/rdd2022/converted/images/China_MotorBike_000696.jpg,dup-00048,3,near_duplicate
datasets/raw/rdd2022/converted/images/China_MotorBike_000697.jpg,dup-00030,16,near_duplicate
datasets/raw/rdd2022/converted/images/China_MotorBike_000698.jpg,,,unique
datasets/raw/rdd2022/converted/images/China_MotorBike_000699.jpg,,,unique
datasets/raw/rdd2022/converted/images/China_MotorBike_000700.jpg,dup-00149,0,near_duplicate
datasets/raw/rdd2022/converted/images/China_MotorBike_000701.jpg,dup-00110,4,near_duplicate
datasets/raw/rdd2022/converted/images/China_MotorBike_000702.jpg,,,unique
datasets/raw/rdd2022/converted/images/China_MotorBike_000703.jpg,dup-00137,1,near_duplicate
datasets/raw/rdd2022/converted/images/China_MotorBike_000704.jpg,,,unique
datasets/raw/rdd2022/converted/images/China_MotorBike_000705.jpg,dup-00077,5,near_duplicate
datasets/raw/rdd2022/converted/images/China_MotorBike_000706.jpg,dup-00063,4,near_duplicate
datasets/raw/rdd2022/converted/images/China_MotorBike_000707.jpg,,,unique
datasets/raw/rdd2022/converted/images/China_MotorBike_000708.jpg,dup-00150,0,near_duplicate
datasets/raw/rdd2022/converted/images/China_MotorBike_000709.jpg,,,unique
datasets/raw/rdd2022/converted/images/China_MotorBike_000710.jpg,dup-00133,5,near_duplicate
datasets/raw/rdd2022/converted/images/China_MotorBike_000711.jpg,dup-00089,4,near_duplicate
datasets/raw/rdd2022/converted/images/China_MotorBike_000712.jpg,,,unique
datasets/raw/rdd2022/converted/images/China_MotorBike_000713.jpg,,,unique
datasets/raw/rdd2022/converted/images/China_MotorBike_000714.jpg,,,unique
datasets/raw/rdd2022/converted/images/China_MotorBike_000715.jpg,dup-00016,17,near_duplicate
datasets/raw/rdd2022/converted/images/China_MotorBike_000716.jpg,,,unique
datasets/raw/rdd2022/converted/images/China_MotorBike_000717.jpg,,,unique
datasets/raw/rdd2022/converted/images/China_MotorBike_000718.jpg,,,unique
datasets/raw/rdd2022/converted/images/China_MotorBike_000719.jpg,,,unique
datasets/raw/rdd2022/converted/images/China_MotorBike_000720.jpg,dup-00151,0,near_duplicate
datasets/raw/rdd2022/converted/images/China_MotorBike_000721.jpg,,,unique
datasets/raw/rdd2022/converted/images/China_MotorBike_000722.jpg,,,unique
datasets/raw/rdd2022/converted/images/China_MotorBike_000723.jpg,,,unique
datasets/raw/rdd2022/converted/images/China_MotorBike_000724.jpg,dup-00067,3,near_duplicate
datasets/raw/rdd2022/converted/images/China_MotorBike_000725.jpg,,,unique
datasets/raw/rdd2022/converted/images/China_MotorBike_000726.jpg,dup-00128,13,near_duplicate
datasets/raw/rdd2022/converted/images/China_MotorBike_000727.jpg,,,unique
datasets/raw/rdd2022/converted/images/China_MotorBike_000728.jpg,dup-00010,6,near_duplicate
datasets/raw/rdd2022/converted/images/China_MotorBike_000729.jpg,dup-00012,7,near_duplicate
datasets/raw/rdd2022/converted/images/China_MotorBike_000730.jpg,,,unique
datasets/raw/rdd2022/converted/images/China_MotorBike_000731.jpg,dup-00152,0,near_duplicate
datasets/raw/rdd2022/converted/images/China_MotorBike_000732.jpg,,,unique
datasets/raw/rdd2022/converted/images/China_MotorBike_000733.jpg,,,unique
datasets/raw/rdd2022/converted/images/China_MotorBike_000734.jpg,dup-00060,2,near_duplicate
datasets/raw/rdd2022/converted/images/China_MotorBike_000735.jpg,,,unique
datasets/raw/rdd2022/converted/images/China_MotorBike_000736.jpg,,,unique
datasets/raw/rdd2022/converted/images/China_MotorBike_000737.jpg,,,unique
datasets/raw/rdd2022/converted/images/China_MotorBike_000738.jpg,dup-00119,9,near_duplicate
datasets/raw/rdd2022/converted/images/China_MotorBike_000739.jpg,,,unique
datasets/raw/rdd2022/converted/images/China_MotorBike_000740.jpg,dup-00020,6,near_duplicate
datasets/raw/rdd2022/converted/images/China_MotorBike_000741.jpg,,,unique
datasets/raw/rdd2022/converted/images/China_MotorBike_000742.jpg,,,unique
datasets/raw/rdd2022/converted/images/China_MotorBike_000743.jpg,dup-00012,5,near_duplicate
datasets/raw/rdd2022/converted/images/China_MotorBike_000744.jpg,dup-00153,0,near_duplicate
datasets/raw/rdd2022/converted/images/China_MotorBike_000745.jpg,,,unique
datasets/raw/rdd2022/converted/images/China_MotorBike_000746.jpg,,,unique
datasets/raw/rdd2022/converted/images/China_MotorBike_000747.jpg,,,unique
datasets/raw/rdd2022/converted/images/China_MotorBike_000748.jpg,,,unique
datasets/raw/rdd2022/converted/images/China_MotorBike_000749.jpg,,,unique
datasets/raw/rdd2022/converted/images/China_MotorBike_000750.jpg,,,unique
datasets/raw/rdd2022/converted/images/China_MotorBike_000751.jpg,,,unique
datasets/raw/rdd2022/converted/images/China_MotorBike_000752.jpg,,,unique
datasets/raw/rdd2022/converted/images/China_MotorBike_000753.jpg,,,unique
datasets/raw/rdd2022/converted/images/China_MotorBike_000754.jpg,,,unique
datasets/raw/rdd2022/converted/images/China_MotorBike_000755.jpg,,,unique
datasets/raw/rdd2022/converted/images/China_MotorBike_000756.jpg,,,unique
datasets/raw/rdd2022/converted/images/China_MotorBike_000757.jpg,,,unique
datasets/raw/rdd2022/converted/images/China_MotorBike_000758.jpg,dup-00102,6,near_duplicate
datasets/raw/rdd2022/converted/images/China_MotorBike_000759.jpg,,,unique
datasets/raw/rdd2022/converted/images/China_MotorBike_000760.jpg,,,unique
datasets/raw/rdd2022/converted/images/China_MotorBike_000761.jpg,,,unique
datasets/raw/rdd2022/converted/images/China_MotorBike_000762.jpg,dup-00102,10,near_duplicate
datasets/raw/rdd2022/converted/images/China_MotorBike_000763.jpg,,,unique
datasets/raw/rdd2022/converted/images/China_MotorBike_000764.jpg,,,unique
datasets/raw/rdd2022/converted/images/China_MotorBike_000765.jpg,,,unique
datasets/raw/rdd2022/converted/images/China_MotorBike_000766.jpg,dup-00048,2,near_duplicate
datasets/raw/rdd2022/converted/images/China_MotorBike_000767.jpg,dup-00013,5,near_duplicate
datasets/raw/rdd2022/converted/images/China_MotorBike_000768.jpg,dup-00026,11,near_duplicate
datasets/raw/rdd2022/converted/images/China_MotorBike_000769.jpg,,,unique
datasets/raw/rdd2022/converted/images/China_MotorBike_000770.jpg,,,unique
datasets/raw/rdd2022/converted/images/China_MotorBike_000771.jpg,dup-00082,7,near_duplicate
datasets/raw/rdd2022/converted/images/China_MotorBike_000772.jpg,dup-00048,7,near_duplicate
datasets/raw/rdd2022/converted/images/China_MotorBike_000773.jpg,,,unique
datasets/raw/rdd2022/converted/images/China_MotorBike_000774.jpg,dup-00027,12,near_duplicate
datasets/raw/rdd2022/converted/images/China_MotorBike_000775.jpg,dup-00016,8,near_duplicate
datasets/raw/rdd2022/converted/images/China_MotorBike_000776.jpg,,,unique
datasets/raw/rdd2022/converted/images/China_MotorBike_000777.jpg,,,unique
datasets/raw/rdd2022/converted/images/China_MotorBike_000778.jpg,dup-00154,0,near_duplicate
datasets/raw/rdd2022/converted/images/China_MotorBike_000779.jpg,,,unique
datasets/raw/rdd2022/converted/images/China_MotorBike_000780.jpg,,,unique
datasets/raw/rdd2022/converted/images/China_MotorBike_000781.jpg,,,unique
datasets/raw/rdd2022/converted/images/China_MotorBike_000782.jpg,dup-00092,5,near_duplicate
datasets/raw/rdd2022/converted/images/China_MotorBike_000783.jpg,dup-00155,0,near_duplicate
datasets/raw/rdd2022/converted/images/China_MotorBike_000784.jpg,dup-00128,4,near_duplicate
datasets/raw/rdd2022/converted/images/China_MotorBike_000785.jpg,,,unique
datasets/raw/rdd2022/converted/images/China_MotorBike_000786.jpg,dup-00021,6,near_duplicate
datasets/raw/rdd2022/converted/images/China_MotorBike_000787.jpg,dup-00070,2,near_duplicate
datasets/raw/rdd2022/converted/images/China_MotorBike_000788.jpg,,,unique
datasets/raw/rdd2022/converted/images/China_MotorBike_000789.jpg,dup-00156,0,near_duplicate
datasets/raw/rdd2022/converted/images/China_MotorBike_000790.jpg,,,unique
datasets/raw/rdd2022/converted/images/China_MotorBike_000791.jpg,,,unique
datasets/raw/rdd2022/converted/images/China_MotorBike_000792.jpg,,,unique
datasets/raw/rdd2022/converted/images/China_MotorBike_000793.jpg,dup-00089,7,near_duplicate
datasets/raw/rdd2022/converted/images/China_MotorBike_000794.jpg,dup-00049,7,near_duplicate
datasets/raw/rdd2022/converted/images/China_MotorBike_000795.jpg,,,unique
datasets/raw/rdd2022/converted/images/China_MotorBike_000796.jpg,,,unique
datasets/raw/rdd2022/converted/images/China_MotorBike_000797.jpg,,,unique
datasets/raw/rdd2022/converted/images/China_MotorBike_000798.jpg,,,unique
datasets/raw/rdd2022/converted/images/China_MotorBike_000799.jpg,,,unique
datasets/raw/rdd2022/converted/images/China_MotorBike_000800.jpg,,,unique
datasets/raw/rdd2022/converted/images/China_MotorBike_000801.jpg,,,unique
datasets/raw/rdd2022/converted/images/China_MotorBike_000802.jpg,dup-00048,6,near_duplicate
datasets/raw/rdd2022/converted/images/China_MotorBike_000803.jpg,dup-00039,9,near_duplicate
datasets/raw/rdd2022/converted/images/China_MotorBike_000804.jpg,,,unique
datasets/raw/rdd2022/converted/images/China_MotorBike_000805.jpg,dup-00024,3,near_duplicate
datasets/raw/rdd2022/converted/images/China_MotorBike_000806.jpg,dup-00157,0,near_duplicate
datasets/raw/rdd2022/converted/images/China_MotorBike_000807.jpg,,,unique
datasets/raw/rdd2022/converted/images/China_MotorBike_000808.jpg,,,unique
datasets/raw/rdd2022/converted/images/China_MotorBike_000809.jpg,,,unique
datasets/raw/rdd2022/converted/images/China_MotorBike_000810.jpg,,,unique
datasets/raw/rdd2022/converted/images/China_MotorBike_000811.jpg,dup-00139,11,near_duplicate
datasets/raw/rdd2022/converted/images/China_MotorBike_000812.jpg,,,unique
datasets/raw/rdd2022/converted/images/China_MotorBike_000813.jpg,,,unique
datasets/raw/rdd2022/converted/images/China_MotorBike_000814.jpg,dup-00016,26,near_duplicate
datasets/raw/rdd2022/converted/images/China_MotorBike_000815.jpg,,,unique
datasets/raw/rdd2022/converted/images/China_MotorBike_000816.jpg,,,unique
datasets/raw/rdd2022/converted/images/China_MotorBike_000817.jpg,dup-00120,7,near_duplicate
datasets/raw/rdd2022/converted/images/China_MotorBike_000818.jpg,dup-00016,14,near_duplicate
datasets/raw/rdd2022/converted/images/China_MotorBike_000819.jpg,,,unique
datasets/raw/rdd2022/converted/images/China_MotorBike_000820.jpg,dup-00089,7,near_duplicate
datasets/raw/rdd2022/converted/images/China_MotorBike_000821.jpg,,,unique
datasets/raw/rdd2022/converted/images/China_MotorBike_000822.jpg,,,unique
datasets/raw/rdd2022/converted/images/China_MotorBike_000823.jpg,,,unique
datasets/raw/rdd2022/converted/images/China_MotorBike_000824.jpg,,,unique
datasets/raw/rdd2022/converted/images/China_MotorBike_000825.jpg,dup-00032,7,near_duplicate
datasets/raw/rdd2022/converted/images/China_MotorBike_000826.jpg,,,unique
datasets/raw/rdd2022/converted/images/China_MotorBike_000827.jpg,,,unique
datasets/raw/rdd2022/converted/images/China_MotorBike_000828.jpg,,,unique
datasets/raw/rdd2022/converted/images/China_MotorBike_000829.jpg,,,unique
datasets/raw/rdd2022/converted/images/China_MotorBike_000830.jpg,,,unique
datasets/raw/rdd2022/converted/images/China_MotorBike_000831.jpg,dup-00071,10,near_duplicate
datasets/raw/rdd2022/converted/images/China_MotorBike_000832.jpg,dup-00061,5,near_duplicate
datasets/raw/rdd2022/converted/images/China_MotorBike_000833.jpg,,,unique
datasets/raw/rdd2022/converted/images/China_MotorBike_000834.jpg,dup-00158,0,near_duplicate
datasets/raw/rdd2022/converted/images/China_MotorBike_000835.jpg,,,unique
datasets/raw/rdd2022/converted/images/China_MotorBike_000836.jpg,dup-00008,8,near_duplicate
datasets/raw/rdd2022/converted/images/China_MotorBike_000837.jpg,dup-00034,8,near_duplicate
datasets/raw/rdd2022/converted/images/China_MotorBike_000838.jpg,,,unique
datasets/raw/rdd2022/converted/images/China_MotorBike_000839.jpg,,,unique
datasets/raw/rdd2022/converted/images/China_MotorBike_000840.jpg,,,unique
datasets/raw/rdd2022/converted/images/China_MotorBike_000841.jpg,,,unique
datasets/raw/rdd2022/converted/images/China_MotorBike_000842.jpg,dup-00159,0,near_duplicate
datasets/raw/rdd2022/converted/images/China_MotorBike_000843.jpg,,,unique
datasets/raw/rdd2022/converted/images/China_MotorBike_000844.jpg,,,unique
datasets/raw/rdd2022/converted/images/China_MotorBike_000845.jpg,dup-00030,8,near_duplicate
datasets/raw/rdd2022/converted/images/China_MotorBike_000846.jpg,dup-00157,5,near_duplicate
datasets/raw/rdd2022/converted/images/China_MotorBike_000847.jpg,dup-00129,7,near_duplicate
datasets/raw/rdd2022/converted/images/China_MotorBike_000848.jpg,dup-00094,11,near_duplicate
datasets/raw/rdd2022/converted/images/China_MotorBike_000849.jpg,,,unique
datasets/raw/rdd2022/converted/images/China_MotorBike_000850.jpg,,,unique
datasets/raw/rdd2022/converted/images/China_MotorBike_000851.jpg,,,unique
datasets/raw/rdd2022/converted/images/China_MotorBike_000852.jpg,,,unique
datasets/raw/rdd2022/converted/images/China_MotorBike_000853.jpg,,,unique
datasets/raw/rdd2022/converted/images/China_MotorBike_000854.jpg,dup-00006,3,near_duplicate
datasets/raw/rdd2022/converted/images/China_MotorBike_000855.jpg,,,unique
datasets/raw/rdd2022/converted/images/China_MotorBike_000856.jpg,,,unique
datasets/raw/rdd2022/converted/images/China_MotorBike_000857.jpg,dup-00030,7,near_duplicate
datasets/raw/rdd2022/converted/images/China_MotorBike_000858.jpg,,,unique
datasets/raw/rdd2022/converted/images/China_MotorBike_000859.jpg,dup-00051,8,near_duplicate
datasets/raw/rdd2022/converted/images/China_MotorBike_000860.jpg,,,unique
datasets/raw/rdd2022/converted/images/China_MotorBike_000861.jpg,dup-00120,11,near_duplicate
datasets/raw/rdd2022/converted/images/China_MotorBike_000862.jpg,dup-00053,2,near_duplicate
datasets/raw/rdd2022/converted/images/China_MotorBike_000863.jpg,,,unique
datasets/raw/rdd2022/converted/images/China_MotorBike_000864.jpg,,,unique
datasets/raw/rdd2022/converted/images/China_MotorBike_000865.jpg,dup-00011,3,near_duplicate
datasets/raw/rdd2022/converted/images/China_MotorBike_000866.jpg,,,unique
datasets/raw/rdd2022/converted/images/China_MotorBike_000867.jpg,dup-00036,0,near_duplicate
datasets/raw/rdd2022/converted/images/China_MotorBike_000868.jpg,,,unique
datasets/raw/rdd2022/converted/images/China_MotorBike_000869.jpg,dup-00082,6,near_duplicate
datasets/raw/rdd2022/converted/images/China_MotorBike_000870.jpg,,,unique
datasets/raw/rdd2022/converted/images/China_MotorBike_000871.jpg,dup-00160,0,near_duplicate
datasets/raw/rdd2022/converted/images/China_MotorBike_000872.jpg,,,unique
datasets/raw/rdd2022/converted/images/China_MotorBike_000873.jpg,dup-00158,5,near_duplicate
datasets/raw/rdd2022/converted/images/China_MotorBike_000874.jpg,,,unique
datasets/raw/rdd2022/converted/images/China_MotorBike_000875.jpg,,,unique
datasets/raw/rdd2022/converted/images/China_MotorBike_000876.jpg,,,unique
datasets/raw/rdd2022/converted/images/China_MotorBike_000877.jpg,,,unique
datasets/raw/rdd2022/converted/images/China_MotorBike_000878.jpg,dup-00110,5,near_duplicate
datasets/raw/rdd2022/converted/images/China_MotorBike_000879.jpg,,,unique
datasets/raw/rdd2022/converted/images/China_MotorBike_000880.jpg,dup-00073,2,near_duplicate
datasets/raw/rdd2022/converted/images/China_MotorBike_000881.jpg,,,unique
datasets/raw/rdd2022/converted/images/China_MotorBike_000882.jpg,,,unique
datasets/raw/rdd2022/converted/images/China_MotorBike_000883.jpg,,,unique
datasets/raw/rdd2022/converted/images/China_MotorBike_000884.jpg,,,unique
datasets/raw/rdd2022/converted/images/China_MotorBike_000885.jpg,dup-00014,10,near_duplicate
datasets/raw/rdd2022/converted/images/China_MotorBike_000886.jpg,dup-00012,14,near_duplicate
datasets/raw/rdd2022/converted/images/China_MotorBike_000887.jpg,,,unique
datasets/raw/rdd2022/converted/images/China_MotorBike_000888.jpg,,,unique
datasets/raw/rdd2022/converted/images/China_MotorBike_000889.jpg,,,unique
datasets/raw/rdd2022/converted/images/China_MotorBike_000890.jpg,dup-00161,0,near_duplicate
datasets/raw/rdd2022/converted/images/China_MotorBike_000891.jpg,dup-00032,10,near_duplicate
datasets/raw/rdd2022/converted/images/China_MotorBike_000892.jpg,,,unique
datasets/raw/rdd2022/converted/images/China_MotorBike_000893.jpg,,,unique
datasets/raw/rdd2022/converted/images/China_MotorBike_000894.jpg,dup-00039,3,near_duplicate
datasets/raw/rdd2022/converted/images/China_MotorBike_000895.jpg,,,unique
datasets/raw/rdd2022/converted/images/China_MotorBike_000896.jpg,,,unique
datasets/raw/rdd2022/converted/images/China_MotorBike_000897.jpg,,,unique
datasets/raw/rdd2022/converted/images/China_MotorBike_000898.jpg,dup-00094,8,near_duplicate
datasets/raw/rdd2022/converted/images/China_MotorBike_000899.jpg,,,unique
datasets/raw/rdd2022/converted/images/China_MotorBike_000900.jpg,,,unique
datasets/raw/rdd2022/converted/images/China_MotorBike_000901.jpg,,,unique
datasets/raw/rdd2022/converted/images/China_MotorBike_000902.jpg,,,unique
datasets/raw/rdd2022/converted/images/China_MotorBike_000903.jpg,,,unique
datasets/raw/rdd2022/converted/images/China_MotorBike_000904.jpg,,,unique
datasets/raw/rdd2022/converted/images/China_MotorBike_000905.jpg,,,unique
datasets/raw/rdd2022/converted/images/China_MotorBike_000906.jpg,dup-00070,6,near_duplicate
datasets/raw/rdd2022/converted/images/China_MotorBike_000907.jpg,,,unique
datasets/raw/rdd2022/converted/images/China_MotorBike_000908.jpg,,,unique
datasets/raw/rdd2022/converted/images/China_MotorBike_000909.jpg,,,unique
datasets/raw/rdd2022/converted/images/China_MotorBike_000910.jpg,,,unique
datasets/raw/rdd2022/converted/images/China_MotorBike_000911.jpg,dup-00141,6,near_duplicate
datasets/raw/rdd2022/converted/images/China_MotorBike_000912.jpg,,,unique
datasets/raw/rdd2022/converted/images/China_MotorBike_000913.jpg,dup-00129,9,near_duplicate
datasets/raw/rdd2022/converted/images/China_MotorBike_000914.jpg,,,unique
datasets/raw/rdd2022/converted/images/China_MotorBike_000915.jpg,dup-00047,13,near_duplicate
datasets/raw/rdd2022/converted/images/China_MotorBike_000916.jpg,,,unique
datasets/raw/rdd2022/converted/images/China_MotorBike_000917.jpg,dup-00032,13,near_duplicate
datasets/raw/rdd2022/converted/images/China_MotorBike_000918.jpg,,,unique
datasets/raw/rdd2022/converted/images/China_MotorBike_000919.jpg,dup-00052,6,near_duplicate
datasets/raw/rdd2022/converted/images/China_MotorBike_000920.jpg,dup-00155,3,near_duplicate
datasets/raw/rdd2022/converted/images/China_MotorBike_000921.jpg,dup-00024,8,near_duplicate
datasets/raw/rdd2022/converted/images/China_MotorBike_000922.jpg,,,unique
datasets/raw/rdd2022/converted/images/China_MotorBike_000923.jpg,,,unique
datasets/raw/rdd2022/converted/images/China_MotorBike_000924.jpg,,,unique
datasets/raw/rdd2022/converted/images/China_MotorBike_000925.jpg,,,unique
datasets/raw/rdd2022/converted/images/China_MotorBike_000926.jpg,,,unique
datasets/raw/rdd2022/converted/images/China_MotorBike_000927.jpg,dup-00039,12,near_duplicate
datasets/raw/rdd2022/converted/images/China_MotorBike_000928.jpg,dup-00128,13,near_duplicate
datasets/raw/rdd2022/converted/images/China_MotorBike_000929.jpg,,,unique
datasets/raw/rdd2022/converted/images/China_MotorBike_000930.jpg,dup-00095,10,near_duplicate
datasets/raw/rdd2022/converted/images/China_MotorBike_000931.jpg,,,unique
datasets/raw/rdd2022/converted/images/China_MotorBike_000932.jpg,dup-00009,10,near_duplicate
datasets/raw/rdd2022/converted/images/China_MotorBike_000933.jpg,,,unique
datasets/raw/rdd2022/converted/images/China_MotorBike_000934.jpg,,,unique
datasets/raw/rdd2022/converted/images/China_MotorBike_000935.jpg,dup-00149,6,near_duplicate
datasets/raw/rdd2022/converted/images/China_MotorBike_000936.jpg,dup-00001,3,near_duplicate
datasets/raw/rdd2022/converted/images/China_MotorBike_000937.jpg,,,unique
datasets/raw/rdd2022/converted/images/China_MotorBike_000938.jpg,,,unique
datasets/raw/rdd2022/converted/images/China_MotorBike_000939.jpg,,,unique
datasets/raw/rdd2022/converted/images/China_MotorBike_000940.jpg,dup-00021,9,near_duplicate
datasets/raw/rdd2022/converted/images/China_MotorBike_000941.jpg,dup-00016,24,near_duplicate
datasets/raw/rdd2022/converted/images/China_MotorBike_000942.jpg,,,unique
datasets/raw/rdd2022/converted/images/China_MotorBike_000943.jpg,,,unique
datasets/raw/rdd2022/converted/images/China_MotorBike_000944.jpg,,,unique
datasets/raw/rdd2022/converted/images/China_MotorBike_000945.jpg,dup-00106,3,near_duplicate
datasets/raw/rdd2022/converted/images/China_MotorBike_000946.jpg,dup-00053,8,near_duplicate
datasets/raw/rdd2022/converted/images/China_MotorBike_000947.jpg,dup-00119,6,near_duplicate
datasets/raw/rdd2022/converted/images/China_MotorBike_000948.jpg,,,unique
datasets/raw/rdd2022/converted/images/China_MotorBike_000949.jpg,,,unique
datasets/raw/rdd2022/converted/images/China_MotorBike_000950.jpg,,,unique
datasets/raw/rdd2022/converted/images/China_MotorBike_000951.jpg,dup-00045,10,near_duplicate
datasets/raw/rdd2022/converted/images/China_MotorBike_000952.jpg,,,unique
datasets/raw/rdd2022/converted/images/China_MotorBike_000953.jpg,dup-00097,5,near_duplicate
datasets/raw/rdd2022/converted/images/China_MotorBike_000954.jpg,,,unique
datasets/raw/rdd2022/converted/images/China_MotorBike_000955.jpg,dup-00082,7,near_duplicate
datasets/raw/rdd2022/converted/images/China_MotorBike_000956.jpg,dup-00016,9,near_duplicate
datasets/raw/rdd2022/converted/images/China_MotorBike_000957.jpg,,,unique
datasets/raw/rdd2022/converted/images/China_MotorBike_000958.jpg,,,unique
datasets/raw/rdd2022/converted/images/China_MotorBike_000959.jpg,,,unique
datasets/raw/rdd2022/converted/images/China_MotorBike_000960.jpg,dup-00108,10,near_duplicate
datasets/raw/rdd2022/converted/images/China_MotorBike_000961.jpg,dup-00144,16,near_duplicate
datasets/raw/rdd2022/converted/images/China_MotorBike_000962.jpg,dup-00070,15,near_duplicate
datasets/raw/rdd2022/converted/images/China_MotorBike_000963.jpg,dup-00052,5,near_duplicate
datasets/raw/rdd2022/converted/images/China_MotorBike_000964.jpg,,,unique
datasets/raw/rdd2022/converted/images/China_MotorBike_000965.jpg,,,unique
datasets/raw/rdd2022/converted/images/China_MotorBike_000966.jpg,,,unique
datasets/raw/rdd2022/converted/images/China_MotorBike_000967.jpg,dup-00156,4,near_duplicate
datasets/raw/rdd2022/converted/images/China_MotorBike_000968.jpg,,,unique
datasets/raw/rdd2022/converted/images/China_MotorBike_000969.jpg,dup-00123,8,near_duplicate
datasets/raw/rdd2022/converted/images/China_MotorBike_000970.jpg,,,unique
datasets/raw/rdd2022/converted/images/China_MotorBike_000971.jpg,dup-00099,9,near_duplicate
datasets/raw/rdd2022/converted/images/China_MotorBike_000972.jpg,dup-00151,5,near_duplicate
datasets/raw/rdd2022/converted/images/China_MotorBike_000973.jpg,,,unique
datasets/raw/rdd2022/converted/images/China_MotorBike_000974.jpg,,,unique
datasets/raw/rdd2022/converted/images/China_MotorBike_000975.jpg,dup-00030,9,near_duplicate
datasets/raw/rdd2022/converted/images/China_MotorBike_000976.jpg,,,unique
datasets/raw/rdd2022/converted/images/China_MotorBike_000977.jpg,,,unique
datasets/raw/rdd2022/converted/images/China_MotorBike_000978.jpg,dup-00162,0,near_duplicate
datasets/raw/rdd2022/converted/images/China_MotorBike_000979.jpg,,,unique
datasets/raw/rdd2022/converted/images/China_MotorBike_000980.jpg,,,unique
datasets/raw/rdd2022/converted/images/China_MotorBike_000981.jpg,dup-00163,0,near_duplicate
datasets/raw/rdd2022/converted/images/China_MotorBike_000982.jpg,,,unique
datasets/raw/rdd2022/converted/images/China_MotorBike_000983.jpg,dup-00045,13,near_duplicate
datasets/raw/rdd2022/converted/images/China_MotorBike_000984.jpg,,,unique
datasets/raw/rdd2022/converted/images/China_MotorBike_000985.jpg,,,unique
datasets/raw/rdd2022/converted/images/China_MotorBike_000986.jpg,,,unique
datasets/raw/rdd2022/converted/images/China_MotorBike_000987.jpg,dup-00164,0,near_duplicate
datasets/raw/rdd2022/converted/images/China_MotorBike_000988.jpg,,,unique
datasets/raw/rdd2022/converted/images/China_MotorBike_000989.jpg,,,unique
datasets/raw/rdd2022/converted/images/China_MotorBike_000990.jpg,,,unique
datasets/raw/rdd2022/converted/images/China_MotorBike_000991.jpg,,,unique
datasets/raw/rdd2022/converted/images/China_MotorBike_000992.jpg,,,unique
datasets/raw/rdd2022/converted/images/China_MotorBike_000993.jpg,dup-00016,26,near_duplicate
datasets/raw/rdd2022/converted/images/China_MotorBike_000994.jpg,dup-00165,0,near_duplicate
datasets/raw/rdd2022/converted/images/China_MotorBike_000995.jpg,,,unique
datasets/raw/rdd2022/converted/images/China_MotorBike_000996.jpg,,,unique
datasets/raw/rdd2022/converted/images/China_MotorBike_000997.jpg,dup-00016,15,near_duplicate
datasets/raw/rdd2022/converted/images/China_MotorBike_000998.jpg,,,unique
datasets/raw/rdd2022/converted/images/China_MotorBike_000999.jpg,,,unique
datasets/raw/rdd2022/converted/images/China_MotorBike_001000.jpg,dup-00009,10,near_duplicate
datasets/raw/rdd2022/converted/images/China_MotorBike_001001.jpg,,,unique
datasets/raw/rdd2022/converted/images/China_MotorBike_001002.jpg,dup-00006,4,near_duplicate
datasets/raw/rdd2022/converted/images/China_MotorBike_001003.jpg,,,unique
datasets/raw/rdd2022/converted/images/China_MotorBike_001004.jpg,dup-00016,25,near_duplicate
datasets/raw/rdd2022/converted/images/China_MotorBike_001005.jpg,,,unique
datasets/raw/rdd2022/converted/images/China_MotorBike_001006.jpg,,,unique
datasets/raw/rdd2022/converted/images/China_MotorBike_001007.jpg,,,unique
datasets/raw/rdd2022/converted/images/China_MotorBike_001008.jpg,dup-00048,1,near_duplicate
datasets/raw/rdd2022/converted/images/China_MotorBike_001009.jpg,,,unique
datasets/raw/rdd2022/converted/images/China_MotorBike_001010.jpg,dup-00027,4,near_duplicate
datasets/raw/rdd2022/converted/images/China_MotorBike_001011.jpg,,,unique
datasets/raw/rdd2022/converted/images/China_MotorBike_001012.jpg,dup-00166,0,near_duplicate
datasets/raw/rdd2022/converted/images/China_MotorBike_001013.jpg,,,unique
datasets/raw/rdd2022/converted/images/China_MotorBike_001014.jpg,dup-00167,0,near_duplicate
datasets/raw/rdd2022/converted/images/China_MotorBike_001015.jpg,,,unique
datasets/raw/rdd2022/converted/images/China_MotorBike_001016.jpg,dup-00003,7,near_duplicate
datasets/raw/rdd2022/converted/images/China_MotorBike_001017.jpg,dup-00033,5,near_duplicate
datasets/raw/rdd2022/converted/images/China_MotorBike_001018.jpg,,,unique
datasets/raw/rdd2022/converted/images/China_MotorBike_001019.jpg,,,unique
datasets/raw/rdd2022/converted/images/China_MotorBike_001020.jpg,,,unique
datasets/raw/rdd2022/converted/images/China_MotorBike_001021.jpg,dup-00123,2,near_duplicate
datasets/raw/rdd2022/converted/images/China_MotorBike_001022.jpg,,,unique
datasets/raw/rdd2022/converted/images/China_MotorBike_001023.jpg,dup-00097,5,near_duplicate
datasets/raw/rdd2022/converted/images/China_MotorBike_001024.jpg,,,unique
datasets/raw/rdd2022/converted/images/China_MotorBike_001025.jpg,dup-00039,11,near_duplicate
datasets/raw/rdd2022/converted/images/China_MotorBike_001026.jpg,,,unique
datasets/raw/rdd2022/converted/images/China_MotorBike_001027.jpg,,,unique
datasets/raw/rdd2022/converted/images/China_MotorBike_001028.jpg,dup-00074,12,near_duplicate
datasets/raw/rdd2022/converted/images/China_MotorBike_001029.jpg,dup-00168,0,near_duplicate
datasets/raw/rdd2022/converted/images/China_MotorBike_001030.jpg,dup-00048,7,near_duplicate
datasets/raw/rdd2022/converted/images/China_MotorBike_001031.jpg,,,unique
datasets/raw/rdd2022/converted/images/China_MotorBike_001032.jpg,dup-00169,0,near_duplicate
datasets/raw/rdd2022/converted/images/China_MotorBike_001033.jpg,,,unique
datasets/raw/rdd2022/converted/images/China_MotorBike_001034.jpg,dup-00129,5,near_duplicate
datasets/raw/rdd2022/converted/images/China_MotorBike_001035.jpg,,,unique
datasets/raw/rdd2022/converted/images/China_MotorBike_001036.jpg,,,unique
datasets/raw/rdd2022/converted/images/China_MotorBike_001037.jpg,,,unique
datasets/raw/rdd2022/converted/images/China_MotorBike_001038.jpg,,,unique
datasets/raw/rdd2022/converted/images/China_MotorBike_001039.jpg,,,unique
datasets/raw/rdd2022/converted/images/China_MotorBike_001040.jpg,dup-00029,12,near_duplicate
datasets/raw/rdd2022/converted/images/China_MotorBike_001041.jpg,,,unique
datasets/raw/rdd2022/converted/images/China_MotorBike_001042.jpg,dup-00170,0,near_duplicate
datasets/raw/rdd2022/converted/images/China_MotorBike_001043.jpg,,,unique
datasets/raw/rdd2022/converted/images/China_MotorBike_001044.jpg,,,unique
datasets/raw/rdd2022/converted/images/China_MotorBike_001045.jpg,,,unique
datasets/raw/rdd2022/converted/images/China_MotorBike_001046.jpg,dup-00050,4,near_duplicate
datasets/raw/rdd2022/converted/images/China_MotorBike_001047.jpg,dup-00003,16,near_duplicate
datasets/raw/rdd2022/converted/images/China_MotorBike_001048.jpg,dup-00171,0,near_duplicate
datasets/raw/rdd2022/converted/images/China_MotorBike_001049.jpg,,,unique
datasets/raw/rdd2022/converted/images/China_MotorBike_001050.jpg,,,unique
datasets/raw/rdd2022/converted/images/China_MotorBike_001051.jpg,,,unique
datasets/raw/rdd2022/converted/images/China_MotorBike_001052.jpg,dup-00172,0,near_duplicate
datasets/raw/rdd2022/converted/images/China_MotorBike_001053.jpg,dup-00042,2,near_duplicate
datasets/raw/rdd2022/converted/images/China_MotorBike_001054.jpg,,,unique
datasets/raw/rdd2022/converted/images/China_MotorBike_001055.jpg,,,unique
datasets/raw/rdd2022/converted/images/China_MotorBike_001056.jpg,dup-00102,4,near_duplicate
datasets/raw/rdd2022/converted/images/China_MotorBike_001057.jpg,,,unique
datasets/raw/rdd2022/converted/images/China_MotorBike_001058.jpg,,,unique
datasets/raw/rdd2022/converted/images/China_MotorBike_001059.jpg,,,unique
datasets/raw/rdd2022/converted/images/China_MotorBike_001060.jpg,dup-00140,6,near_duplicate
datasets/raw/rdd2022/converted/images/China_MotorBike_001061.jpg,,,unique
datasets/raw/rdd2022/converted/images/China_MotorBike_001062.jpg,dup-00146,6,near_duplicate
datasets/raw/rdd2022/converted/images/China_MotorBike_001063.jpg,dup-00068,5,near_duplicate
datasets/raw/rdd2022/converted/images/China_MotorBike_001064.jpg,,,unique
datasets/raw/rdd2022/converted/images/China_MotorBike_001065.jpg,dup-00173,0,near_duplicate
datasets/raw/rdd2022/converted/images/China_MotorBike_001066.jpg,,,unique
datasets/raw/rdd2022/converted/images/China_MotorBike_001067.jpg,,,unique
datasets/raw/rdd2022/converted/images/China_MotorBike_001068.jpg,,,unique
datasets/raw/rdd2022/converted/images/China_MotorBike_001069.jpg,dup-00174,0,near_duplicate
datasets/raw/rdd2022/converted/images/China_MotorBike_001070.jpg,dup-00123,5,near_duplicate
datasets/raw/rdd2022/converted/images/China_MotorBike_001071.jpg,,,unique
datasets/raw/rdd2022/converted/images/China_MotorBike_001072.jpg,,,unique
datasets/raw/rdd2022/converted/images/China_MotorBike_001073.jpg,,,unique
datasets/raw/rdd2022/converted/images/China_MotorBike_001074.jpg,,,unique
datasets/raw/rdd2022/converted/images/China_MotorBike_001075.jpg,,,unique
datasets/raw/rdd2022/converted/images/China_MotorBike_001076.jpg,dup-00035,4,near_duplicate
datasets/raw/rdd2022/converted/images/China_MotorBike_001077.jpg,,,unique
datasets/raw/rdd2022/converted/images/China_MotorBike_001078.jpg,dup-00094,6,near_duplicate
datasets/raw/rdd2022/converted/images/China_MotorBike_001079.jpg,dup-00032,5,near_duplicate
datasets/raw/rdd2022/converted/images/China_MotorBike_001080.jpg,dup-00012,15,near_duplicate
datasets/raw/rdd2022/converted/images/China_MotorBike_001081.jpg,,,unique
datasets/raw/rdd2022/converted/images/China_MotorBike_001082.jpg,dup-00009,1,near_duplicate
datasets/raw/rdd2022/converted/images/China_MotorBike_001083.jpg,,,unique
datasets/raw/rdd2022/converted/images/China_MotorBike_001084.jpg,,,unique
datasets/raw/rdd2022/converted/images/China_MotorBike_001085.jpg,dup-00097,0,near_duplicate
datasets/raw/rdd2022/converted/images/China_MotorBike_001086.jpg,,,unique
datasets/raw/rdd2022/converted/images/China_MotorBike_001087.jpg,dup-00163,6,near_duplicate
datasets/raw/rdd2022/converted/images/China_MotorBike_001088.jpg,,,unique
datasets/raw/rdd2022/converted/images/China_MotorBike_001089.jpg,,,unique
datasets/raw/rdd2022/converted/images/China_MotorBike_001090.jpg,,,unique
datasets/raw/rdd2022/converted/images/China_MotorBike_001091.jpg,,,unique
datasets/raw/rdd2022/converted/images/China_MotorBike_001092.jpg,dup-00169,5,near_duplicate
datasets/raw/rdd2022/converted/images/China_MotorBike_001093.jpg,,,unique
datasets/raw/rdd2022/converted/images/China_MotorBike_001094.jpg,,,unique
datasets/raw/rdd2022/converted/images/China_MotorBike_001095.jpg,,,unique
datasets/raw/rdd2022/converted/images/China_MotorBike_001096.jpg,,,unique
datasets/raw/rdd2022/converted/images/China_MotorBike_001097.jpg,,,unique
datasets/raw/rdd2022/converted/images/China_MotorBike_001098.jpg,dup-00009,9,near_duplicate
datasets/raw/rdd2022/converted/images/China_MotorBike_001099.jpg,dup-00128,6,near_duplicate
datasets/raw/rdd2022/converted/images/China_MotorBike_001100.jpg,,,unique
datasets/raw/rdd2022/converted/images/China_MotorBike_001101.jpg,,,unique
datasets/raw/rdd2022/converted/images/China_MotorBike_001102.jpg,dup-00009,12,near_duplicate
datasets/raw/rdd2022/converted/images/China_MotorBike_001103.jpg,dup-00139,5,near_duplicate
datasets/raw/rdd2022/converted/images/China_MotorBike_001104.jpg,,,unique
datasets/raw/rdd2022/converted/images/China_MotorBike_001105.jpg,,,unique
datasets/raw/rdd2022/converted/images/China_MotorBike_001106.jpg,dup-00164,1,near_duplicate
datasets/raw/rdd2022/converted/images/China_MotorBike_001107.jpg,,,unique
datasets/raw/rdd2022/converted/images/China_MotorBike_001108.jpg,,,unique
datasets/raw/rdd2022/converted/images/China_MotorBike_001109.jpg,dup-00097,9,near_duplicate
datasets/raw/rdd2022/converted/images/China_MotorBike_001110.jpg,,,unique
datasets/raw/rdd2022/converted/images/China_MotorBike_001111.jpg,dup-00175,0,near_duplicate
datasets/raw/rdd2022/converted/images/China_MotorBike_001112.jpg,dup-00172,6,near_duplicate
datasets/raw/rdd2022/converted/images/China_MotorBike_001113.jpg,dup-00125,4,near_duplicate
datasets/raw/rdd2022/converted/images/China_MotorBike_001114.jpg,,,unique
datasets/raw/rdd2022/converted/images/China_MotorBike_001115.jpg,,,unique
datasets/raw/rdd2022/converted/images/China_MotorBike_001116.jpg,,,unique
datasets/raw/rdd2022/converted/images/China_MotorBike_001117.jpg,dup-00166,6,near_duplicate
datasets/raw/rdd2022/converted/images/China_MotorBike_001118.jpg,,,unique
datasets/raw/rdd2022/converted/images/China_MotorBike_001119.jpg,,,unique
datasets/raw/rdd2022/converted/images/China_MotorBike_001120.jpg,,,unique
datasets/raw/rdd2022/converted/images/China_MotorBike_001121.jpg,,,unique
datasets/raw/rdd2022/converted/images/China_MotorBike_001122.jpg,,,unique
datasets/raw/rdd2022/converted/images/China_MotorBike_001123.jpg,dup-00120,4,near_duplicate
datasets/raw/rdd2022/converted/images/China_MotorBike_001124.jpg,,,unique
datasets/raw/rdd2022/converted/images/China_MotorBike_001125.jpg,,,unique
datasets/raw/rdd2022/converted/images/China_MotorBike_001126.jpg,dup-00001,11,near_duplicate
datasets/raw/rdd2022/converted/images/China_MotorBike_001127.jpg,dup-00016,23,near_duplicate
datasets/raw/rdd2022/converted/images/China_MotorBike_001128.jpg,,,unique
datasets/raw/rdd2022/converted/images/China_MotorBike_001129.jpg,dup-00022,6,near_duplicate
datasets/raw/rdd2022/converted/images/China_MotorBike_001130.jpg,dup-00034,6,near_duplicate
datasets/raw/rdd2022/converted/images/China_MotorBike_001131.jpg,dup-00148,4,near_duplicate
datasets/raw/rdd2022/converted/images/China_MotorBike_001132.jpg,dup-00009,6,near_duplicate
datasets/raw/rdd2022/converted/images/China_MotorBike_001133.jpg,,,unique
datasets/raw/rdd2022/converted/images/China_MotorBike_001134.jpg,,,unique
datasets/raw/rdd2022/converted/images/China_MotorBike_001135.jpg,,,unique
datasets/raw/rdd2022/converted/images/China_MotorBike_001136.jpg,,,unique
datasets/raw/rdd2022/converted/images/China_MotorBike_001137.jpg,dup-00044,1,near_duplicate
datasets/raw/rdd2022/converted/images/China_MotorBike_001138.jpg,,,unique
datasets/raw/rdd2022/converted/images/China_MotorBike_001139.jpg,dup-00114,5,near_duplicate
datasets/raw/rdd2022/converted/images/China_MotorBike_001140.jpg,dup-00070,5,near_duplicate
datasets/raw/rdd2022/converted/images/China_MotorBike_001141.jpg,dup-00082,9,near_duplicate
datasets/raw/rdd2022/converted/images/China_MotorBike_001142.jpg,dup-00038,6,near_duplicate
datasets/raw/rdd2022/converted/images/China_MotorBike_001143.jpg,dup-00040,5,near_duplicate
datasets/raw/rdd2022/converted/images/China_MotorBike_001144.jpg,,,unique
datasets/raw/rdd2022/converted/images/China_MotorBike_001145.jpg,,,unique
datasets/raw/rdd2022/converted/images/China_MotorBike_001146.jpg,,,unique
datasets/raw/rdd2022/converted/images/China_MotorBike_001147.jpg,,,unique
datasets/raw/rdd2022/converted/images/China_MotorBike_001148.jpg,,,unique
datasets/raw/rdd2022/converted/images/China_MotorBike_001149.jpg,,,unique
datasets/raw/rdd2022/converted/images/China_MotorBike_001150.jpg,dup-00032,12,near_duplicate
datasets/raw/rdd2022/converted/images/China_MotorBike_001151.jpg,,,unique
datasets/raw/rdd2022/converted/images/China_MotorBike_001152.jpg,dup-00003,7,near_duplicate
datasets/raw/rdd2022/converted/images/China_MotorBike_001153.jpg,,,unique
datasets/raw/rdd2022/converted/images/China_MotorBike_001154.jpg,,,unique
datasets/raw/rdd2022/converted/images/China_MotorBike_001155.jpg,,,unique
datasets/raw/rdd2022/converted/images/China_MotorBike_001156.jpg,,,unique
datasets/raw/rdd2022/converted/images/China_MotorBike_001157.jpg,,,unique
datasets/raw/rdd2022/converted/images/China_MotorBike_001158.jpg,,,unique
datasets/raw/rdd2022/converted/images/China_MotorBike_001159.jpg,dup-00152,4,near_duplicate
datasets/raw/rdd2022/converted/images/China_MotorBike_001160.jpg,dup-00174,4,near_duplicate
datasets/raw/rdd2022/converted/images/China_MotorBike_001161.jpg,dup-00024,9,near_duplicate
datasets/raw/rdd2022/converted/images/China_MotorBike_001162.jpg,dup-00131,4,near_duplicate
datasets/raw/rdd2022/converted/images/China_MotorBike_001163.jpg,dup-00116,5,near_duplicate
datasets/raw/rdd2022/converted/images/China_MotorBike_001164.jpg,,,unique
datasets/raw/rdd2022/converted/images/China_MotorBike_001165.jpg,,,unique
datasets/raw/rdd2022/converted/images/China_MotorBike_001166.jpg,,,unique
datasets/raw/rdd2022/converted/images/China_MotorBike_001167.jpg,,,unique
datasets/raw/rdd2022/converted/images/China_MotorBike_001168.jpg,,,unique
datasets/raw/rdd2022/converted/images/China_MotorBike_001169.jpg,dup-00016,19,near_duplicate
datasets/raw/rdd2022/converted/images/China_MotorBike_001170.jpg,,,unique
datasets/raw/rdd2022/converted/images/China_MotorBike_001171.jpg,,,unique
datasets/raw/rdd2022/converted/images/China_MotorBike_001172.jpg,,,unique
datasets/raw/rdd2022/converted/images/China_MotorBike_001173.jpg,dup-00015,4,near_duplicate
datasets/raw/rdd2022/converted/images/China_MotorBike_001174.jpg,,,unique
datasets/raw/rdd2022/converted/images/China_MotorBike_001175.jpg,dup-00014,3,near_duplicate
datasets/raw/rdd2022/converted/images/China_MotorBike_001176.jpg,,,unique
datasets/raw/rdd2022/converted/images/China_MotorBike_001177.jpg,dup-00094,11,near_duplicate
datasets/raw/rdd2022/converted/images/China_MotorBike_001178.jpg,,,unique
datasets/raw/rdd2022/converted/images/China_MotorBike_001179.jpg,,,unique
datasets/raw/rdd2022/converted/images/China_MotorBike_001180.jpg,,,unique
datasets/raw/rdd2022/converted/images/China_MotorBike_001181.jpg,dup-00110,1,near_duplicate
datasets/raw/rdd2022/converted/images/China_MotorBike_001182.jpg,,,unique
datasets/raw/rdd2022/converted/images/China_MotorBike_001183.jpg,dup-00016,13,near_duplicate
datasets/raw/rdd2022/converted/images/China_MotorBike_001184.jpg,dup-00159,5,near_duplicate
datasets/raw/rdd2022/converted/images/China_MotorBike_001185.jpg,,,unique
datasets/raw/rdd2022/converted/images/China_MotorBike_001186.jpg,dup-00149,10,near_duplicate
datasets/raw/rdd2022/converted/images/China_MotorBike_001187.jpg,,,unique
datasets/raw/rdd2022/converted/images/China_MotorBike_001188.jpg,dup-00082,8,near_duplicate
datasets/raw/rdd2022/converted/images/China_MotorBike_001189.jpg,,,unique
datasets/raw/rdd2022/converted/images/China_MotorBike_001190.jpg,,,unique
datasets/raw/rdd2022/converted/images/China_MotorBike_001191.jpg,,,unique
datasets/raw/rdd2022/converted/images/China_MotorBike_001192.jpg,,,unique
datasets/raw/rdd2022/converted/images/China_MotorBike_001193.jpg,,,unique
datasets/raw/rdd2022/converted/images/China_MotorBike_001194.jpg,,,unique
datasets/raw/rdd2022/converted/images/China_MotorBike_001195.jpg,,,unique
datasets/raw/rdd2022/converted/images/China_MotorBike_001196.jpg,,,unique
datasets/raw/rdd2022/converted/images/China_MotorBike_001197.jpg,,,unique
datasets/raw/rdd2022/converted/images/China_MotorBike_001198.jpg,dup-00088,5,near_duplicate
datasets/raw/rdd2022/converted/images/China_MotorBike_001199.jpg,,,unique
datasets/raw/rdd2022/converted/images/China_MotorBike_001200.jpg,,,unique
datasets/raw/rdd2022/converted/images/China_MotorBike_001201.jpg,dup-00170,6,near_duplicate
datasets/raw/rdd2022/converted/images/China_MotorBike_001202.jpg,,,unique
datasets/raw/rdd2022/converted/images/China_MotorBike_001203.jpg,,,unique
datasets/raw/rdd2022/converted/images/China_MotorBike_001204.jpg,dup-00101,5,near_duplicate
datasets/raw/rdd2022/converted/images/China_MotorBike_001205.jpg,,,unique
datasets/raw/rdd2022/converted/images/China_MotorBike_001206.jpg,,,unique
datasets/raw/rdd2022/converted/images/China_MotorBike_001207.jpg,dup-00034,5,near_duplicate
datasets/raw/rdd2022/converted/images/China_MotorBike_001208.jpg,,,unique
datasets/raw/rdd2022/converted/images/China_MotorBike_001209.jpg,dup-00029,19,near_duplicate
datasets/raw/rdd2022/converted/images/China_MotorBike_001210.jpg,,,unique
datasets/raw/rdd2022/converted/images/China_MotorBike_001211.jpg,dup-00176,0,near_duplicate
datasets/raw/rdd2022/converted/images/China_MotorBike_001212.jpg,dup-00177,0,near_duplicate
datasets/raw/rdd2022/converted/images/China_MotorBike_001213.jpg,,,unique
datasets/raw/rdd2022/converted/images/China_MotorBike_001214.jpg,dup-00178,0,near_duplicate
datasets/raw/rdd2022/converted/images/China_MotorBike_001215.jpg,dup-00179,0,near_duplicate
datasets/raw/rdd2022/converted/images/China_MotorBike_001216.jpg,,,unique
datasets/raw/rdd2022/converted/images/China_MotorBike_001217.jpg,dup-00006,6,near_duplicate
datasets/raw/rdd2022/converted/images/China_MotorBike_001218.jpg,,,unique
datasets/raw/rdd2022/converted/images/China_MotorBike_001219.jpg,dup-00014,6,near_duplicate
datasets/raw/rdd2022/converted/images/China_MotorBike_001220.jpg,,,unique
datasets/raw/rdd2022/converted/images/China_MotorBike_001221.jpg,dup-00008,14,near_duplicate
datasets/raw/rdd2022/converted/images/China_MotorBike_001222.jpg,,,unique
datasets/raw/rdd2022/converted/images/China_MotorBike_001223.jpg,dup-00001,2,near_duplicate
datasets/raw/rdd2022/converted/images/China_MotorBike_001224.jpg,,,unique
datasets/raw/rdd2022/converted/images/China_MotorBike_001225.jpg,dup-00145,4,near_duplicate
datasets/raw/rdd2022/converted/images/China_MotorBike_001226.jpg,,,unique
datasets/raw/rdd2022/converted/images/China_MotorBike_001227.jpg,dup-00180,0,near_duplicate
datasets/raw/rdd2022/converted/images/China_MotorBike_001228.jpg,dup-00016,27,near_duplicate
datasets/raw/rdd2022/converted/images/China_MotorBike_001229.jpg,,,unique
datasets/raw/rdd2022/converted/images/China_MotorBike_001230.jpg,,,unique
datasets/raw/rdd2022/converted/images/China_MotorBike_001231.jpg,dup-00029,12,near_duplicate
datasets/raw/rdd2022/converted/images/China_MotorBike_001232.jpg,,,unique
datasets/raw/rdd2022/converted/images/China_MotorBike_001233.jpg,dup-00098,8,near_duplicate
datasets/raw/rdd2022/converted/images/China_MotorBike_001234.jpg,,,unique
datasets/raw/rdd2022/converted/images/China_MotorBike_001235.jpg,dup-00016,24,near_duplicate
datasets/raw/rdd2022/converted/images/China_MotorBike_001236.jpg,,,unique
datasets/raw/rdd2022/converted/images/China_MotorBike_001237.jpg,,,unique
datasets/raw/rdd2022/converted/images/China_MotorBike_001238.jpg,,,unique
datasets/raw/rdd2022/converted/images/China_MotorBike_001239.jpg,dup-00012,13,near_duplicate
datasets/raw/rdd2022/converted/images/China_MotorBike_001240.jpg,dup-00165,3,near_duplicate
datasets/raw/rdd2022/converted/images/China_MotorBike_001241.jpg,dup-00043,6,near_duplicate
datasets/raw/rdd2022/converted/images/China_MotorBike_001242.jpg,,,unique
datasets/raw/rdd2022/converted/images/China_MotorBike_001243.jpg,dup-00139,10,near_duplicate
datasets/raw/rdd2022/converted/images/China_MotorBike_001244.jpg,dup-00078,9,near_duplicate
datasets/raw/rdd2022/converted/images/China_MotorBike_001245.jpg,dup-00113,5,near_duplicate
datasets/raw/rdd2022/converted/images/China_MotorBike_001246.jpg,,,unique
datasets/raw/rdd2022/converted/images/China_MotorBike_001247.jpg,dup-00008,10,near_duplicate
datasets/raw/rdd2022/converted/images/China_MotorBike_001248.jpg,,,unique
datasets/raw/rdd2022/converted/images/China_MotorBike_001249.jpg,dup-00078,10,near_duplicate
datasets/raw/rdd2022/converted/images/China_MotorBike_001250.jpg,,,unique
datasets/raw/rdd2022/converted/images/China_MotorBike_001251.jpg,,,unique
datasets/raw/rdd2022/converted/images/China_MotorBike_001252.jpg,dup-00109,2,near_duplicate
datasets/raw/rdd2022/converted/images/China_MotorBike_001253.jpg,,,unique
datasets/raw/rdd2022/converted/images/China_MotorBike_001254.jpg,dup-00132,3,near_duplicate
datasets/raw/rdd2022/converted/images/China_MotorBike_001255.jpg,,,unique
datasets/raw/rdd2022/converted/images/China_MotorBike_001256.jpg,,,unique
datasets/raw/rdd2022/converted/images/China_MotorBike_001257.jpg,dup-00043,4,near_duplicate
datasets/raw/rdd2022/converted/images/China_MotorBike_001258.jpg,dup-00061,5,near_duplicate
datasets/raw/rdd2022/converted/images/China_MotorBike_001259.jpg,,,unique
datasets/raw/rdd2022/converted/images/China_MotorBike_001260.jpg,,,unique
datasets/raw/rdd2022/converted/images/China_MotorBike_001261.jpg,,,unique
datasets/raw/rdd2022/converted/images/China_MotorBike_001262.jpg,,,unique
datasets/raw/rdd2022/converted/images/China_MotorBike_001263.jpg,,,unique
datasets/raw/rdd2022/converted/images/China_MotorBike_001264.jpg,dup-00020,6,near_duplicate
datasets/raw/rdd2022/converted/images/China_MotorBike_001265.jpg,dup-00048,1,near_duplicate
datasets/raw/rdd2022/converted/images/China_MotorBike_001266.jpg,dup-00063,7,near_duplicate
datasets/raw/rdd2022/converted/images/China_MotorBike_001267.jpg,,,unique
datasets/raw/rdd2022/converted/images/China_MotorBike_001268.jpg,dup-00144,6,near_duplicate
datasets/raw/rdd2022/converted/images/China_MotorBike_001269.jpg,,,unique
datasets/raw/rdd2022/converted/images/China_MotorBike_001270.jpg,dup-00181,0,near_duplicate
datasets/raw/rdd2022/converted/images/China_MotorBike_001271.jpg,,,unique
datasets/raw/rdd2022/converted/images/China_MotorBike_001272.jpg,dup-00182,0,near_duplicate
datasets/raw/rdd2022/converted/images/China_MotorBike_001273.jpg,,,unique
datasets/raw/rdd2022/converted/images/China_MotorBike_001274.jpg,dup-00082,5,near_duplicate
datasets/raw/rdd2022/converted/images/China_MotorBike_001275.jpg,,,unique
datasets/raw/rdd2022/converted/images/China_MotorBike_001276.jpg,dup-00048,0,near_duplicate
datasets/raw/rdd2022/converted/images/China_MotorBike_001277.jpg,dup-00180,4,near_duplicate
datasets/raw/rdd2022/converted/images/China_MotorBike_001278.jpg,dup-00032,9,near_duplicate
datasets/raw/rdd2022/converted/images/China_MotorBike_001279.jpg,,,unique
datasets/raw/rdd2022/converted/images/China_MotorBike_001280.jpg,dup-00178,6,near_duplicate
datasets/raw/rdd2022/converted/images/China_MotorBike_001281.jpg,,,unique
datasets/raw/rdd2022/converted/images/China_MotorBike_001282.jpg,,,unique
datasets/raw/rdd2022/converted/images/China_MotorBike_001283.jpg,,,unique
datasets/raw/rdd2022/converted/images/China_MotorBike_001284.jpg,,,unique
datasets/raw/rdd2022/converted/images/China_MotorBike_001285.jpg,dup-00183,0,near_duplicate
datasets/raw/rdd2022/converted/images/China_MotorBike_001286.jpg,dup-00008,14,near_duplicate
datasets/raw/rdd2022/converted/images/China_MotorBike_001287.jpg,,,unique
datasets/raw/rdd2022/converted/images/China_MotorBike_001288.jpg,,,unique
datasets/raw/rdd2022/converted/images/China_MotorBike_001289.jpg,,,unique
datasets/raw/rdd2022/converted/images/China_MotorBike_001290.jpg,,,unique
datasets/raw/rdd2022/converted/images/China_MotorBike_001291.jpg,dup-00167,6,near_duplicate
datasets/raw/rdd2022/converted/images/China_MotorBike_001292.jpg,dup-00066,5,near_duplicate
datasets/raw/rdd2022/converted/images/China_MotorBike_001293.jpg,,,unique
datasets/raw/rdd2022/converted/images/China_MotorBike_001294.jpg,,,unique
datasets/raw/rdd2022/converted/images/China_MotorBike_001295.jpg,dup-00142,5,near_duplicate
datasets/raw/rdd2022/converted/images/China_MotorBike_001296.jpg,,,unique
datasets/raw/rdd2022/converted/images/China_MotorBike_001297.jpg,,,unique
datasets/raw/rdd2022/converted/images/China_MotorBike_001298.jpg,,,unique
datasets/raw/rdd2022/converted/images/China_MotorBike_001299.jpg,,,unique
datasets/raw/rdd2022/converted/images/China_MotorBike_001300.jpg,dup-00021,1,near_duplicate
datasets/raw/rdd2022/converted/images/China_MotorBike_001301.jpg,,,unique
datasets/raw/rdd2022/converted/images/China_MotorBike_001302.jpg,dup-00142,9,near_duplicate
datasets/raw/rdd2022/converted/images/China_MotorBike_001303.jpg,,,unique
datasets/raw/rdd2022/converted/images/China_MotorBike_001304.jpg,dup-00173,6,near_duplicate
datasets/raw/rdd2022/converted/images/China_MotorBike_001305.jpg,,,unique
datasets/raw/rdd2022/converted/images/China_MotorBike_001306.jpg,,,unique
datasets/raw/rdd2022/converted/images/China_MotorBike_001307.jpg,,,unique
datasets/raw/rdd2022/converted/images/China_MotorBike_001308.jpg,dup-00055,5,near_duplicate
datasets/raw/rdd2022/converted/images/China_MotorBike_001309.jpg,,,unique
datasets/raw/rdd2022/converted/images/China_MotorBike_001310.jpg,dup-00047,8,near_duplicate
datasets/raw/rdd2022/converted/images/China_MotorBike_001311.jpg,,,unique
datasets/raw/rdd2022/converted/images/China_MotorBike_001312.jpg,,,unique
datasets/raw/rdd2022/converted/images/China_MotorBike_001313.jpg,,,unique
datasets/raw/rdd2022/converted/images/China_MotorBike_001314.jpg,,,unique
datasets/raw/rdd2022/converted/images/China_MotorBike_001315.jpg,,,unique
datasets/raw/rdd2022/converted/images/China_MotorBike_001316.jpg,,,unique
datasets/raw/rdd2022/converted/images/China_MotorBike_001317.jpg,dup-00043,5,near_duplicate
datasets/raw/rdd2022/converted/images/China_MotorBike_001318.jpg,,,unique
datasets/raw/rdd2022/converted/images/China_MotorBike_001319.jpg,,,unique
datasets/raw/rdd2022/converted/images/China_MotorBike_001320.jpg,dup-00012,13,near_duplicate
datasets/raw/rdd2022/converted/images/China_MotorBike_001321.jpg,,,unique
datasets/raw/rdd2022/converted/images/China_MotorBike_001322.jpg,dup-00162,3,near_duplicate
datasets/raw/rdd2022/converted/images/China_MotorBike_001323.jpg,dup-00109,1,near_duplicate
datasets/raw/rdd2022/converted/images/China_MotorBike_001324.jpg,dup-00008,6,near_duplicate
datasets/raw/rdd2022/converted/images/China_MotorBike_001325.jpg,dup-00130,0,near_duplicate
datasets/raw/rdd2022/converted/images/China_MotorBike_001326.jpg,,,unique
datasets/raw/rdd2022/converted/images/China_MotorBike_001327.jpg,dup-00168,5,near_duplicate
datasets/raw/rdd2022/converted/images/China_MotorBike_001328.jpg,dup-00179,3,near_duplicate
datasets/raw/rdd2022/converted/images/China_MotorBike_001329.jpg,,,unique
datasets/raw/rdd2022/converted/images/China_MotorBike_001330.jpg,,,unique
datasets/raw/rdd2022/converted/images/China_MotorBike_001331.jpg,dup-00057,5,near_duplicate
datasets/raw/rdd2022/converted/images/China_MotorBike_001332.jpg,dup-00184,0,near_duplicate
datasets/raw/rdd2022/converted/images/China_MotorBike_001333.jpg,,,unique
datasets/raw/rdd2022/converted/images/China_MotorBike_001334.jpg,dup-00106,5,near_duplicate
datasets/raw/rdd2022/converted/images/China_MotorBike_001335.jpg,,,unique
datasets/raw/rdd2022/converted/images/China_MotorBike_001336.jpg,dup-00097,4,near_duplicate
datasets/raw/rdd2022/converted/images/China_MotorBike_001337.jpg,,,unique
datasets/raw/rdd2022/converted/images/China_MotorBike_001338.jpg,,,unique
datasets/raw/rdd2022/converted/images/China_MotorBike_001339.jpg,,,unique
datasets/raw/rdd2022/converted/images/China_MotorBike_001340.jpg,,,unique
datasets/raw/rdd2022/converted/images/China_MotorBike_001341.jpg,,,unique
datasets/raw/rdd2022/converted/images/China_MotorBike_001342.jpg,,,unique
datasets/raw/rdd2022/converted/images/China_MotorBike_001343.jpg,,,unique
datasets/raw/rdd2022/converted/images/China_MotorBike_001344.jpg,dup-00165,6,near_duplicate
datasets/raw/rdd2022/converted/images/China_MotorBike_001345.jpg,,,unique
datasets/raw/rdd2022/converted/images/China_MotorBike_001346.jpg,,,unique
datasets/raw/rdd2022/converted/images/China_MotorBike_001347.jpg,,,unique
datasets/raw/rdd2022/converted/images/China_MotorBike_001348.jpg,dup-00051,5,near_duplicate
datasets/raw/rdd2022/converted/images/China_MotorBike_001349.jpg,dup-00180,5,near_duplicate
datasets/raw/rdd2022/converted/images/China_MotorBike_001350.jpg,dup-00185,0,near_duplicate
datasets/raw/rdd2022/converted/images/China_MotorBike_001351.jpg,,,unique
datasets/raw/rdd2022/converted/images/China_MotorBike_001352.jpg,dup-00029,7,near_duplicate
datasets/raw/rdd2022/converted/images/China_MotorBike_001353.jpg,,,unique
datasets/raw/rdd2022/converted/images/China_MotorBike_001354.jpg,dup-00094,9,near_duplicate
datasets/raw/rdd2022/converted/images/China_MotorBike_001355.jpg,dup-00008,15,near_duplicate
datasets/raw/rdd2022/converted/images/China_MotorBike_001356.jpg,dup-00050,6,near_duplicate
datasets/raw/rdd2022/converted/images/China_MotorBike_001357.jpg,,,unique
datasets/raw/rdd2022/converted/images/China_MotorBike_001358.jpg,,,unique
datasets/raw/rdd2022/converted/images/China_MotorBike_001359.jpg,,,unique
datasets/raw/rdd2022/converted/images/China_MotorBike_001360.jpg,dup-00083,9,near_duplicate
datasets/raw/rdd2022/converted/images/China_MotorBike_001361.jpg,dup-00121,5,near_duplicate
datasets/raw/rdd2022/converted/images/China_MotorBike_001362.jpg,,,unique
datasets/raw/rdd2022/converted/images/China_MotorBike_001363.jpg,,,unique
datasets/raw/rdd2022/converted/images/China_MotorBike_001364.jpg,,,unique
datasets/raw/rdd2022/converted/images/China_MotorBike_001365.jpg,,,unique
datasets/raw/rdd2022/converted/images/China_MotorBike_001366.jpg,,,unique
datasets/raw/rdd2022/converted/images/China_MotorBike_001367.jpg,,,unique
datasets/raw/rdd2022/converted/images/China_MotorBike_001368.jpg,,,unique
datasets/raw/rdd2022/converted/images/China_MotorBike_001369.jpg,,,unique
datasets/raw/rdd2022/converted/images/China_MotorBike_001370.jpg,,,unique
datasets/raw/rdd2022/converted/images/China_MotorBike_001371.jpg,dup-00053,8,near_duplicate
datasets/raw/rdd2022/converted/images/China_MotorBike_001372.jpg,,,unique
datasets/raw/rdd2022/converted/images/China_MotorBike_001373.jpg,,,unique
datasets/raw/rdd2022/converted/images/China_MotorBike_001374.jpg,,,unique
datasets/raw/rdd2022/converted/images/China_MotorBike_001375.jpg,dup-00016,24,near_duplicate
datasets/raw/rdd2022/converted/images/China_MotorBike_001376.jpg,,,unique
datasets/raw/rdd2022/converted/images/China_MotorBike_001377.jpg,dup-00165,5,near_duplicate
datasets/raw/rdd2022/converted/images/China_MotorBike_001378.jpg,dup-00149,4,near_duplicate
datasets/raw/rdd2022/converted/images/China_MotorBike_001379.jpg,dup-00060,0,near_duplicate
datasets/raw/rdd2022/converted/images/China_MotorBike_001380.jpg,dup-00124,7,near_duplicate
datasets/raw/rdd2022/converted/images/China_MotorBike_001381.jpg,,,unique
datasets/raw/rdd2022/converted/images/China_MotorBike_001382.jpg,dup-00071,6,near_duplicate
datasets/raw/rdd2022/converted/images/China_MotorBike_001383.jpg,dup-00182,6,near_duplicate
datasets/raw/rdd2022/converted/images/China_MotorBike_001384.jpg,,,unique
datasets/raw/rdd2022/converted/images/China_MotorBike_001385.jpg,,,unique
datasets/raw/rdd2022/converted/images/China_MotorBike_001386.jpg,,,unique
datasets/raw/rdd2022/converted/images/China_MotorBike_001387.jpg,dup-00016,15,near_duplicate
datasets/raw/rdd2022/converted/images/China_MotorBike_001388.jpg,dup-00008,9,near_duplicate
datasets/raw/rdd2022/converted/images/China_MotorBike_001389.jpg,dup-00186,0,near_duplicate
datasets/raw/rdd2022/converted/images/China_MotorBike_001390.jpg,,,unique
datasets/raw/rdd2022/converted/images/China_MotorBike_001391.jpg,,,unique
datasets/raw/rdd2022/converted/images/China_MotorBike_001392.jpg,dup-00187,0,near_duplicate
datasets/raw/rdd2022/converted/images/China_MotorBike_001393.jpg,,,unique
datasets/raw/rdd2022/converted/images/China_MotorBike_001394.jpg,dup-00001,6,near_duplicate
datasets/raw/rdd2022/converted/images/China_MotorBike_001395.jpg,,,unique
datasets/raw/rdd2022/converted/images/China_MotorBike_001396.jpg,dup-00083,5,near_duplicate
datasets/raw/rdd2022/converted/images/China_MotorBike_001397.jpg,dup-00048,6,near_duplicate
datasets/raw/rdd2022/converted/images/China_MotorBike_001398.jpg,dup-00007,5,near_duplicate
datasets/raw/rdd2022/converted/images/China_MotorBike_001399.jpg,dup-00186,6,near_duplicate
datasets/raw/rdd2022/converted/images/China_MotorBike_001400.jpg,dup-00043,8,near_duplicate
datasets/raw/rdd2022/converted/images/China_MotorBike_001401.jpg,,,unique
datasets/raw/rdd2022/converted/images/China_MotorBike_001402.jpg,dup-00026,5,near_duplicate
datasets/raw/rdd2022/converted/images/China_MotorBike_001403.jpg,dup-00120,4,near_duplicate
datasets/raw/rdd2022/converted/images/China_MotorBike_001404.jpg,dup-00034,6,near_duplicate
datasets/raw/rdd2022/converted/images/China_MotorBike_001405.jpg,,,unique
datasets/raw/rdd2022/converted/images/China_MotorBike_001406.jpg,,,unique
datasets/raw/rdd2022/converted/images/China_MotorBike_001407.jpg,,,unique
datasets/raw/rdd2022/converted/images/China_MotorBike_001408.jpg,,,unique
datasets/raw/rdd2022/converted/images/China_MotorBike_001409.jpg,dup-00096,4,near_duplicate
datasets/raw/rdd2022/converted/images/China_MotorBike_001410.jpg,dup-00027,12,near_duplicate
datasets/raw/rdd2022/converted/images/China_MotorBike_001411.jpg,,,unique
datasets/raw/rdd2022/converted/images/China_MotorBike_001412.jpg,,,unique
datasets/raw/rdd2022/converted/images/China_MotorBike_001413.jpg,,,unique
datasets/raw/rdd2022/converted/images/China_MotorBike_001414.jpg,,,unique
datasets/raw/rdd2022/converted/images/China_MotorBike_001415.jpg,dup-00070,10,near_duplicate
datasets/raw/rdd2022/converted/images/China_MotorBike_001416.jpg,dup-00023,4,near_duplicate
datasets/raw/rdd2022/converted/images/China_MotorBike_001417.jpg,,,unique
datasets/raw/rdd2022/converted/images/China_MotorBike_001418.jpg,dup-00016,25,near_duplicate
datasets/raw/rdd2022/converted/images/China_MotorBike_001419.jpg,,,unique
datasets/raw/rdd2022/converted/images/China_MotorBike_001420.jpg,,,unique
datasets/raw/rdd2022/converted/images/China_MotorBike_001421.jpg,dup-00138,6,near_duplicate
datasets/raw/rdd2022/converted/images/China_MotorBike_001422.jpg,,,unique
datasets/raw/rdd2022/converted/images/China_MotorBike_001423.jpg,,,unique
datasets/raw/rdd2022/converted/images/China_MotorBike_001424.jpg,,,unique
datasets/raw/rdd2022/converted/images/China_MotorBike_001425.jpg,dup-00175,5,near_duplicate
datasets/raw/rdd2022/converted/images/China_MotorBike_001426.jpg,dup-00188,0,near_duplicate
datasets/raw/rdd2022/converted/images/China_MotorBike_001427.jpg,dup-00007,9,near_duplicate
datasets/raw/rdd2022/converted/images/China_MotorBike_001428.jpg,,,unique
datasets/raw/rdd2022/converted/images/China_MotorBike_001429.jpg,,,unique
datasets/raw/rdd2022/converted/images/China_MotorBike_001430.jpg,dup-00189,0,near_duplicate
datasets/raw/rdd2022/converted/images/China_MotorBike_001431.jpg,,,unique
datasets/raw/rdd2022/converted/images/China_MotorBike_001432.jpg,dup-00092,11,near_duplicate
datasets/raw/rdd2022/converted/images/China_MotorBike_001433.jpg,,,unique
datasets/raw/rdd2022/converted/images/China_MotorBike_001434.jpg,,,unique
datasets/raw/rdd2022/converted/images/China_MotorBike_001435.jpg,,,unique
datasets/raw/rdd2022/converted/images/China_MotorBike_001436.jpg,,,unique
datasets/raw/rdd2022/converted/images/China_MotorBike_001437.jpg,,,unique
datasets/raw/rdd2022/converted/images/China_MotorBike_001438.jpg,dup-00034,3,near_duplicate
datasets/raw/rdd2022/converted/images/China_MotorBike_001439.jpg,,,unique
datasets/raw/rdd2022/converted/images/China_MotorBike_001440.jpg,dup-00107,6,near_duplicate
datasets/raw/rdd2022/converted/images/China_MotorBike_001441.jpg,,,unique
datasets/raw/rdd2022/converted/images/China_MotorBike_001442.jpg,dup-00007,6,near_duplicate
datasets/raw/rdd2022/converted/images/China_MotorBike_001443.jpg,,,unique
datasets/raw/rdd2022/converted/images/China_MotorBike_001444.jpg,,,unique
datasets/raw/rdd2022/converted/images/China_MotorBike_001445.jpg,,,unique
datasets/raw/rdd2022/converted/images/China_MotorBike_001446.jpg,,,unique
datasets/raw/rdd2022/converted/images/China_MotorBike_001447.jpg,,,unique
datasets/raw/rdd2022/converted/images/China_MotorBike_001448.jpg,,,unique
datasets/raw/rdd2022/converted/images/China_MotorBike_001449.jpg,,,unique
datasets/raw/rdd2022/converted/images/China_MotorBike_001450.jpg,,,unique
datasets/raw/rdd2022/converted/images/China_MotorBike_001451.jpg,,,unique
datasets/raw/rdd2022/converted/images/China_MotorBike_001452.jpg,,,unique
datasets/raw/rdd2022/converted/images/China_MotorBike_001453.jpg,,,unique
datasets/raw/rdd2022/converted/images/China_MotorBike_001454.jpg,,,unique
datasets/raw/rdd2022/converted/images/China_MotorBike_001455.jpg,,,unique
datasets/raw/rdd2022/converted/images/China_MotorBike_001456.jpg,dup-00008,11,near_duplicate
datasets/raw/rdd2022/converted/images/China_MotorBike_001457.jpg,,,unique
datasets/raw/rdd2022/converted/images/China_MotorBike_001458.jpg,,,unique
datasets/raw/rdd2022/converted/images/China_MotorBike_001459.jpg,,,unique
datasets/raw/rdd2022/converted/images/China_MotorBike_001460.jpg,dup-00003,4,near_duplicate
datasets/raw/rdd2022/converted/images/China_MotorBike_001461.jpg,dup-00039,10,near_duplicate
datasets/raw/rdd2022/converted/images/China_MotorBike_001462.jpg,,,unique
datasets/raw/rdd2022/converted/images/China_MotorBike_001463.jpg,dup-00030,9,near_duplicate
datasets/raw/rdd2022/converted/images/China_MotorBike_001464.jpg,,,unique
datasets/raw/rdd2022/converted/images/China_MotorBike_001465.jpg,,,unique
datasets/raw/rdd2022/converted/images/China_MotorBike_001466.jpg,dup-00045,8,near_duplicate
datasets/raw/rdd2022/converted/images/China_MotorBike_001467.jpg,dup-00174,9,near_duplicate
datasets/raw/rdd2022/converted/images/China_MotorBike_001468.jpg,,,unique
datasets/raw/rdd2022/converted/images/China_MotorBike_001469.jpg,,,unique
datasets/raw/rdd2022/converted/images/China_MotorBike_001470.jpg,dup-00045,3,near_duplicate
datasets/raw/rdd2022/converted/images/China_MotorBike_001471.jpg,dup-00190,0,near_duplicate
datasets/raw/rdd2022/converted/images/China_MotorBike_001472.jpg,dup-00128,15,near_duplicate
datasets/raw/rdd2022/converted/images/China_MotorBike_001473.jpg,dup-00156,6,near_duplicate
datasets/raw/rdd2022/converted/images/China_MotorBike_001474.jpg,dup-00191,0,near_duplicate
datasets/raw/rdd2022/converted/images/China_MotorBike_001475.jpg,,,unique
datasets/raw/rdd2022/converted/images/China_MotorBike_001476.jpg,dup-00070,12,near_duplicate
datasets/raw/rdd2022/converted/images/China_MotorBike_001477.jpg,,,unique
datasets/raw/rdd2022/converted/images/China_MotorBike_001478.jpg,,,unique
datasets/raw/rdd2022/converted/images/China_MotorBike_001479.jpg,dup-00029,3,near_duplicate
datasets/raw/rdd2022/converted/images/China_MotorBike_001480.jpg,,,unique
datasets/raw/rdd2022/converted/images/China_MotorBike_001481.jpg,dup-00016,24,near_duplicate
datasets/raw/rdd2022/converted/images/China_MotorBike_001482.jpg,dup-00192,0,near_duplicate
datasets/raw/rdd2022/converted/images/China_MotorBike_001483.jpg,dup-00179,8,near_duplicate
datasets/raw/rdd2022/converted/images/China_MotorBike_001484.jpg,,,unique
datasets/raw/rdd2022/converted/images/China_MotorBike_001485.jpg,dup-00071,4,near_duplicate
datasets/raw/rdd2022/converted/images/China_MotorBike_001486.jpg,dup-00049,6,near_duplicate
datasets/raw/rdd2022/converted/images/China_MotorBike_001487.jpg,,,unique
datasets/raw/rdd2022/converted/images/China_MotorBike_001488.jpg,,,unique
datasets/raw/rdd2022/converted/images/China_MotorBike_001489.jpg,,,unique
datasets/raw/rdd2022/converted/images/China_MotorBike_001490.jpg,dup-00189,9,near_duplicate
datasets/raw/rdd2022/converted/images/China_MotorBike_001491.jpg,dup-00037,6,near_duplicate
datasets/raw/rdd2022/converted/images/China_MotorBike_001492.jpg,dup-00048,1,near_duplicate
datasets/raw/rdd2022/converted/images/China_MotorBike_001493.jpg,,,unique
datasets/raw/rdd2022/converted/images/China_MotorBike_001494.jpg,,,unique
datasets/raw/rdd2022/converted/images/China_MotorBike_001495.jpg,,,unique
datasets/raw/rdd2022/converted/images/China_MotorBike_001496.jpg,,,unique
datasets/raw/rdd2022/converted/images/China_MotorBike_001497.jpg,dup-00193,0,near_duplicate
datasets/raw/rdd2022/converted/images/China_MotorBike_001498.jpg,dup-00070,14,near_duplicate
datasets/raw/rdd2022/converted/images/China_MotorBike_001499.jpg,,,unique
datasets/raw/rdd2022/converted/images/China_MotorBike_001500.jpg,,,unique
datasets/raw/rdd2022/converted/images/China_MotorBike_001501.jpg,dup-00033,5,near_duplicate
datasets/raw/rdd2022/converted/images/China_MotorBike_001502.jpg,dup-00012,13,near_duplicate
datasets/raw/rdd2022/converted/images/China_MotorBike_001503.jpg,,,unique
datasets/raw/rdd2022/converted/images/China_MotorBike_001504.jpg,,,unique
datasets/raw/rdd2022/converted/images/China_MotorBike_001505.jpg,,,unique
datasets/raw/rdd2022/converted/images/China_MotorBike_001506.jpg,,,unique
datasets/raw/rdd2022/converted/images/China_MotorBike_001507.jpg,dup-00128,8,near_duplicate
datasets/raw/rdd2022/converted/images/China_MotorBike_001508.jpg,,,unique
datasets/raw/rdd2022/converted/images/China_MotorBike_001509.jpg,,,unique
datasets/raw/rdd2022/converted/images/China_MotorBike_001510.jpg,dup-00031,6,near_duplicate
datasets/raw/rdd2022/converted/images/China_MotorBike_001511.jpg,dup-00155,4,near_duplicate
datasets/raw/rdd2022/converted/images/China_MotorBike_001512.jpg,,,unique
datasets/raw/rdd2022/converted/images/China_MotorBike_001513.jpg,,,unique
datasets/raw/rdd2022/converted/images/China_MotorBike_001514.jpg,,,unique
datasets/raw/rdd2022/converted/images/China_MotorBike_001515.jpg,,,unique
datasets/raw/rdd2022/converted/images/China_MotorBike_001516.jpg,,,unique
datasets/raw/rdd2022/converted/images/China_MotorBike_001517.jpg,,,unique
datasets/raw/rdd2022/converted/images/China_MotorBike_001518.jpg,dup-00117,6,near_duplicate
datasets/raw/rdd2022/converted/images/China_MotorBike_001519.jpg,,,unique
datasets/raw/rdd2022/converted/images/China_MotorBike_001520.jpg,,,unique
datasets/raw/rdd2022/converted/images/China_MotorBike_001521.jpg,dup-00098,12,near_duplicate
datasets/raw/rdd2022/converted/images/China_MotorBike_001522.jpg,,,unique
datasets/raw/rdd2022/converted/images/China_MotorBike_001523.jpg,,,unique
datasets/raw/rdd2022/converted/images/China_MotorBike_001524.jpg,dup-00060,4,near_duplicate
datasets/raw/rdd2022/converted/images/China_MotorBike_001525.jpg,,,unique
datasets/raw/rdd2022/converted/images/China_MotorBike_001526.jpg,dup-00016,18,near_duplicate
datasets/raw/rdd2022/converted/images/China_MotorBike_001527.jpg,dup-00016,20,near_duplicate
datasets/raw/rdd2022/converted/images/China_MotorBike_001528.jpg,dup-00041,6,near_duplicate
datasets/raw/rdd2022/converted/images/China_MotorBike_001529.jpg,dup-00142,9,near_duplicate
datasets/raw/rdd2022/converted/images/China_MotorBike_001530.jpg,,,unique
datasets/raw/rdd2022/converted/images/China_MotorBike_001531.jpg,,,unique
datasets/raw/rdd2022/converted/images/China_MotorBike_001532.jpg,,,unique
datasets/raw/rdd2022/converted/images/China_MotorBike_001533.jpg,,,unique
datasets/raw/rdd2022/converted/images/China_MotorBike_001534.jpg,,,unique
datasets/raw/rdd2022/converted/images/China_MotorBike_001535.jpg,,,unique
datasets/raw/rdd2022/converted/images/China_MotorBike_001536.jpg,,,unique
datasets/raw/rdd2022/converted/images/China_MotorBike_001537.jpg,,,unique
datasets/raw/rdd2022/converted/images/China_MotorBike_001538.jpg,,,unique
datasets/raw/rdd2022/converted/images/China_MotorBike_001539.jpg,,,unique
datasets/raw/rdd2022/converted/images/China_MotorBike_001540.jpg,,,unique
datasets/raw/rdd2022/converted/images/China_MotorBike_001541.jpg,,,unique
datasets/raw/rdd2022/converted/images/China_MotorBike_001542.jpg,dup-00048,2,near_duplicate
datasets/raw/rdd2022/converted/images/China_MotorBike_001543.jpg,,,unique
datasets/raw/rdd2022/converted/images/China_MotorBike_001544.jpg,,,unique
datasets/raw/rdd2022/converted/images/China_MotorBike_001545.jpg,,,unique
datasets/raw/rdd2022/converted/images/China_MotorBike_001546.jpg,,,unique
datasets/raw/rdd2022/converted/images/China_MotorBike_001547.jpg,dup-00012,12,near_duplicate
datasets/raw/rdd2022/converted/images/China_MotorBike_001548.jpg,,,unique
datasets/raw/rdd2022/converted/images/China_MotorBike_001549.jpg,dup-00027,8,near_duplicate
datasets/raw/rdd2022/converted/images/China_MotorBike_001550.jpg,,,unique
datasets/raw/rdd2022/converted/images/China_MotorBike_001551.jpg,dup-00176,4,near_duplicate
datasets/raw/rdd2022/converted/images/China_MotorBike_001552.jpg,dup-00194,0,near_duplicate
datasets/raw/rdd2022/converted/images/China_MotorBike_001553.jpg,,,unique
datasets/raw/rdd2022/converted/images/China_MotorBike_001554.jpg,,,unique
datasets/raw/rdd2022/converted/images/China_MotorBike_001555.jpg,,,unique
datasets/raw/rdd2022/converted/images/China_MotorBike_001556.jpg,,,unique
datasets/raw/rdd2022/converted/images/China_MotorBike_001557.jpg,dup-00144,11,near_duplicate
datasets/raw/rdd2022/converted/images/China_MotorBike_001558.jpg,dup-00016,15,near_duplicate
datasets/raw/rdd2022/converted/images/China_MotorBike_001559.jpg,,,unique
datasets/raw/rdd2022/converted/images/China_MotorBike_001560.jpg,,,unique
datasets/raw/rdd2022/converted/images/China_MotorBike_001561.jpg,dup-00120,10,near_duplicate
datasets/raw/rdd2022/converted/images/China_MotorBike_001562.jpg,,,unique
datasets/raw/rdd2022/converted/images/China_MotorBike_001563.jpg,,,unique
datasets/raw/rdd2022/converted/images/China_MotorBike_001564.jpg,,,unique
datasets/raw/rdd2022/converted/images/China_MotorBike_001565.jpg,,,unique
datasets/raw/rdd2022/converted/images/China_MotorBike_001566.jpg,dup-00016,15,near_duplicate
datasets/raw/rdd2022/converted/images/China_MotorBike_001567.jpg,,,unique
datasets/raw/rdd2022/converted/images/China_MotorBike_001568.jpg,dup-00102,6,near_duplicate
datasets/raw/rdd2022/converted/images/China_MotorBike_001569.jpg,,,unique
datasets/raw/rdd2022/converted/images/China_MotorBike_001570.jpg,,,unique
datasets/raw/rdd2022/converted/images/China_MotorBike_001571.jpg,,,unique
datasets/raw/rdd2022/converted/images/China_MotorBike_001572.jpg,,,unique
datasets/raw/rdd2022/converted/images/China_MotorBike_001573.jpg,,,unique
datasets/raw/rdd2022/converted/images/China_MotorBike_001574.jpg,dup-00075,5,near_duplicate
datasets/raw/rdd2022/converted/images/China_MotorBike_001575.jpg,,,unique
datasets/raw/rdd2022/converted/images/China_MotorBike_001576.jpg,,,unique
datasets/raw/rdd2022/converted/images/China_MotorBike_001577.jpg,dup-00195,0,near_duplicate
datasets/raw/rdd2022/converted/images/China_MotorBike_001578.jpg,dup-00058,2,near_duplicate
datasets/raw/rdd2022/converted/images/China_MotorBike_001579.jpg,,,unique
datasets/raw/rdd2022/converted/images/China_MotorBike_001580.jpg,,,unique
datasets/raw/rdd2022/converted/images/China_MotorBike_001581.jpg,,,unique
datasets/raw/rdd2022/converted/images/China_MotorBike_001582.jpg,,,unique
datasets/raw/rdd2022/converted/images/China_MotorBike_001583.jpg,,,unique
datasets/raw/rdd2022/converted/images/China_MotorBike_001584.jpg,dup-00188,5,near_duplicate
datasets/raw/rdd2022/converted/images/China_MotorBike_001585.jpg,,,unique
datasets/raw/rdd2022/converted/images/China_MotorBike_001586.jpg,dup-00187,6,near_duplicate
datasets/raw/rdd2022/converted/images/China_MotorBike_001587.jpg,,,unique
datasets/raw/rdd2022/converted/images/China_MotorBike_001588.jpg,dup-00046,4,near_duplicate
datasets/raw/rdd2022/converted/images/China_MotorBike_001589.jpg,dup-00196,0,near_duplicate
datasets/raw/rdd2022/converted/images/China_MotorBike_001590.jpg,,,unique
datasets/raw/rdd2022/converted/images/China_MotorBike_001591.jpg,dup-00194,2,near_duplicate
datasets/raw/rdd2022/converted/images/China_MotorBike_001592.jpg,dup-00068,3,near_duplicate
datasets/raw/rdd2022/converted/images/China_MotorBike_001593.jpg,dup-00016,13,near_duplicate
datasets/raw/rdd2022/converted/images/China_MotorBike_001594.jpg,dup-00002,14,near_duplicate
datasets/raw/rdd2022/converted/images/China_MotorBike_001595.jpg,,,unique
datasets/raw/rdd2022/converted/images/China_MotorBike_001596.jpg,,,unique
datasets/raw/rdd2022/converted/images/China_MotorBike_001597.jpg,dup-00084,6,near_duplicate
datasets/raw/rdd2022/converted/images/China_MotorBike_001598.jpg,,,unique
datasets/raw/rdd2022/converted/images/China_MotorBike_001599.jpg,dup-00027,9,near_duplicate
datasets/raw/rdd2022/converted/images/China_MotorBike_001600.jpg,dup-00119,6,near_duplicate
datasets/raw/rdd2022/converted/images/China_MotorBike_001601.jpg,dup-00008,9,near_duplicate
datasets/raw/rdd2022/converted/images/China_MotorBike_001602.jpg,dup-00002,12,near_duplicate
datasets/raw/rdd2022/converted/images/China_MotorBike_001603.jpg,,,unique
datasets/raw/rdd2022/converted/images/China_MotorBike_001604.jpg,dup-00154,4,near_duplicate
datasets/raw/rdd2022/converted/images/China_MotorBike_001605.jpg,,,unique
datasets/raw/rdd2022/converted/images/China_MotorBike_001606.jpg,dup-00008,9,near_duplicate
datasets/raw/rdd2022/converted/images/China_MotorBike_001607.jpg,dup-00003,14,near_duplicate
datasets/raw/rdd2022/converted/images/China_MotorBike_001608.jpg,,,unique
datasets/raw/rdd2022/converted/images/China_MotorBike_001609.jpg,dup-00032,4,near_duplicate
datasets/raw/rdd2022/converted/images/China_MotorBike_001610.jpg,,,unique
datasets/raw/rdd2022/converted/images/China_MotorBike_001611.jpg,,,unique
datasets/raw/rdd2022/converted/images/China_MotorBike_001612.jpg,dup-00065,6,near_duplicate
datasets/raw/rdd2022/converted/images/China_MotorBike_001613.jpg,dup-00078,3,near_duplicate
datasets/raw/rdd2022/converted/images/China_MotorBike_001614.jpg,dup-00016,26,near_duplicate
datasets/raw/rdd2022/converted/images/China_MotorBike_001615.jpg,,,unique
datasets/raw/rdd2022/converted/images/China_MotorBike_001616.jpg,dup-00016,24,near_duplicate
datasets/raw/rdd2022/converted/images/China_MotorBike_001617.jpg,,,unique
datasets/raw/rdd2022/converted/images/China_MotorBike_001618.jpg,dup-00002,6,near_duplicate
datasets/raw/rdd2022/converted/images/China_MotorBike_001619.jpg,dup-00035,6,near_duplicate
datasets/raw/rdd2022/converted/images/China_MotorBike_001620.jpg,dup-00109,6,near_duplicate
datasets/raw/rdd2022/converted/images/China_MotorBike_001621.jpg,dup-00128,12,near_duplicate
datasets/raw/rdd2022/converted/images/China_MotorBike_001622.jpg,,,unique
datasets/raw/rdd2022/converted/images/China_MotorBike_001623.jpg,dup-00008,12,near_duplicate
datasets/raw/rdd2022/converted/images/China_MotorBike_001624.jpg,,,unique
datasets/raw/rdd2022/converted/images/China_MotorBike_001625.jpg,,,unique
datasets/raw/rdd2022/converted/images/China_MotorBike_001626.jpg,,,unique
datasets/raw/rdd2022/converted/images/China_MotorBike_001627.jpg,dup-00108,6,near_duplicate
datasets/raw/rdd2022/converted/images/China_MotorBike_001628.jpg,,,unique
datasets/raw/rdd2022/converted/images/China_MotorBike_001629.jpg,dup-00048,11,near_duplicate
datasets/raw/rdd2022/converted/images/China_MotorBike_001630.jpg,,,unique
datasets/raw/rdd2022/converted/images/China_MotorBike_001631.jpg,,,unique
datasets/raw/rdd2022/converted/images/China_MotorBike_001632.jpg,,,unique
datasets/raw/rdd2022/converted/images/China_MotorBike_001633.jpg,dup-00111,6,near_duplicate
datasets/raw/rdd2022/converted/images/China_MotorBike_001634.jpg,,,unique
datasets/raw/rdd2022/converted/images/China_MotorBike_001635.jpg,,,unique
datasets/raw/rdd2022/converted/images/China_MotorBike_001636.jpg,,,unique
datasets/raw/rdd2022/converted/images/China_MotorBike_001637.jpg,,,unique
datasets/raw/rdd2022/converted/images/China_MotorBike_001638.jpg,dup-00072,3,near_duplicate
datasets/raw/rdd2022/converted/images/China_MotorBike_001639.jpg,dup-00097,15,near_duplicate
datasets/raw/rdd2022/converted/images/China_MotorBike_001640.jpg,dup-00016,13,near_duplicate
datasets/raw/rdd2022/converted/images/China_MotorBike_001641.jpg,,,unique
datasets/raw/rdd2022/converted/images/China_MotorBike_001642.jpg,,,unique
datasets/raw/rdd2022/converted/images/China_MotorBike_001643.jpg,,,unique
datasets/raw/rdd2022/converted/images/China_MotorBike_001644.jpg,,,unique
datasets/raw/rdd2022/converted/images/China_MotorBike_001645.jpg,dup-00161,6,near_duplicate
datasets/raw/rdd2022/converted/images/China_MotorBike_001646.jpg,,,unique
datasets/raw/rdd2022/converted/images/China_MotorBike_001647.jpg,dup-00118,6,near_duplicate
datasets/raw/rdd2022/converted/images/China_MotorBike_001648.jpg,,,unique
datasets/raw/rdd2022/converted/images/China_MotorBike_001649.jpg,dup-00016,22,near_duplicate
datasets/raw/rdd2022/converted/images/China_MotorBike_001650.jpg,dup-00197,0,near_duplicate
datasets/raw/rdd2022/converted/images/China_MotorBike_001651.jpg,dup-00198,0,near_duplicate
datasets/raw/rdd2022/converted/images/China_MotorBike_001652.jpg,dup-00032,9,near_duplicate
datasets/raw/rdd2022/converted/images/China_MotorBike_001653.jpg,dup-00199,0,near_duplicate
datasets/raw/rdd2022/converted/images/China_MotorBike_001654.jpg,dup-00200,0,near_duplicate
datasets/raw/rdd2022/converted/images/China_MotorBike_001655.jpg,,,unique
datasets/raw/rdd2022/converted/images/China_MotorBike_001656.jpg,dup-00001,4,near_duplicate
datasets/raw/rdd2022/converted/images/China_MotorBike_001657.jpg,,,unique
datasets/raw/rdd2022/converted/images/China_MotorBike_001658.jpg,,,unique
datasets/raw/rdd2022/converted/images/China_MotorBike_001659.jpg,,,unique
datasets/raw/rdd2022/converted/images/China_MotorBike_001660.jpg,dup-00120,5,near_duplicate
datasets/raw/rdd2022/converted/images/China_MotorBike_001661.jpg,,,unique
datasets/raw/rdd2022/converted/images/China_MotorBike_001662.jpg,,,unique
datasets/raw/rdd2022/converted/images/China_MotorBike_001663.jpg,dup-00079,5,near_duplicate
datasets/raw/rdd2022/converted/images/China_MotorBike_001664.jpg,dup-00201,0,near_duplicate
datasets/raw/rdd2022/converted/images/China_MotorBike_001665.jpg,,,unique
datasets/raw/rdd2022/converted/images/China_MotorBike_001666.jpg,dup-00190,3,near_duplicate
datasets/raw/rdd2022/converted/images/China_MotorBike_001667.jpg,dup-00048,0,near_duplicate
datasets/raw/rdd2022/converted/images/China_MotorBike_001668.jpg,dup-00138,6,near_duplicate
datasets/raw/rdd2022/converted/images/China_MotorBike_001669.jpg,dup-00184,3,near_duplicate
datasets/raw/rdd2022/converted/images/China_MotorBike_001670.jpg,,,unique
datasets/raw/rdd2022/converted/images/China_MotorBike_001671.jpg,dup-00136,6,near_duplicate
datasets/raw/rdd2022/converted/images/China_MotorBike_001672.jpg,,,unique
datasets/raw/rdd2022/converted/images/China_MotorBike_001673.jpg,,,unique
datasets/raw/rdd2022/converted/images/China_MotorBike_001674.jpg,,,unique
datasets/raw/rdd2022/converted/images/China_MotorBike_001675.jpg,,,unique
datasets/raw/rdd2022/converted/images/China_MotorBike_001676.jpg,,,unique
datasets/raw/rdd2022/converted/images/China_MotorBike_001677.jpg,dup-00089,8,near_duplicate
datasets/raw/rdd2022/converted/images/China_MotorBike_001678.jpg,,,unique
datasets/raw/rdd2022/converted/images/China_MotorBike_001679.jpg,,,unique
datasets/raw/rdd2022/converted/images/China_MotorBike_001680.jpg,,,unique
datasets/raw/rdd2022/converted/images/China_MotorBike_001681.jpg,,,unique
datasets/raw/rdd2022/converted/images/China_MotorBike_001682.jpg,,,unique
datasets/raw/rdd2022/converted/images/China_MotorBike_001683.jpg,,,unique
datasets/raw/rdd2022/converted/images/China_MotorBike_001684.jpg,,,unique
datasets/raw/rdd2022/converted/images/China_MotorBike_001685.jpg,dup-00104,5,near_duplicate
datasets/raw/rdd2022/converted/images/China_MotorBike_001686.jpg,,,unique
datasets/raw/rdd2022/converted/images/China_MotorBike_001687.jpg,,,unique
datasets/raw/rdd2022/converted/images/China_MotorBike_001688.jpg,dup-00048,7,near_duplicate
datasets/raw/rdd2022/converted/images/China_MotorBike_001689.jpg,,,unique
datasets/raw/rdd2022/converted/images/China_MotorBike_001690.jpg,,,unique
datasets/raw/rdd2022/converted/images/China_MotorBike_001691.jpg,dup-00016,26,near_duplicate
datasets/raw/rdd2022/converted/images/China_MotorBike_001692.jpg,,,unique
datasets/raw/rdd2022/converted/images/China_MotorBike_001693.jpg,,,unique
datasets/raw/rdd2022/converted/images/China_MotorBike_001694.jpg,dup-00181,6,near_duplicate
datasets/raw/rdd2022/converted/images/China_MotorBike_001695.jpg,dup-00032,8,near_duplicate
datasets/raw/rdd2022/converted/images/China_MotorBike_001696.jpg,,,unique
datasets/raw/rdd2022/converted/images/China_MotorBike_001697.jpg,,,unique
datasets/raw/rdd2022/converted/images/China_MotorBike_001698.jpg,,,unique
datasets/raw/rdd2022/converted/images/China_MotorBike_001699.jpg,dup-00009,14,near_duplicate
datasets/raw/rdd2022/converted/images/China_MotorBike_001700.jpg,dup-00047,8,near_duplicate
datasets/raw/rdd2022/converted/images/China_MotorBike_001701.jpg,,,unique
datasets/raw/rdd2022/converted/images/China_MotorBike_001702.jpg,dup-00112,5,near_duplicate
datasets/raw/rdd2022/converted/images/China_MotorBike_001703.jpg,dup-00016,23,near_duplicate
datasets/raw/rdd2022/converted/images/China_MotorBike_001704.jpg,,,unique
datasets/raw/rdd2022/converted/images/China_MotorBike_001705.jpg,,,unique
datasets/raw/rdd2022/converted/images/China_MotorBike_001706.jpg,,,unique
datasets/raw/rdd2022/converted/images/China_MotorBike_001707.jpg,,,unique
datasets/raw/rdd2022/converted/images/China_MotorBike_001708.jpg,,,unique
datasets/raw/rdd2022/converted/images/China_MotorBike_001709.jpg,dup-00098,3,near_duplicate
datasets/raw/rdd2022/converted/images/China_MotorBike_001710.jpg,,,unique
datasets/raw/rdd2022/converted/images/China_MotorBike_001711.jpg,,,unique
datasets/raw/rdd2022/converted/images/China_MotorBike_001712.jpg,dup-00160,6,near_duplicate
datasets/raw/rdd2022/converted/images/China_MotorBike_001713.jpg,dup-00064,3,near_duplicate
datasets/raw/rdd2022/converted/images/China_MotorBike_001714.jpg,dup-00081,5,near_duplicate
datasets/raw/rdd2022/converted/images/China_MotorBike_001715.jpg,dup-00092,14,near_duplicate
datasets/raw/rdd2022/converted/images/China_MotorBike_001716.jpg,dup-00195,4,near_duplicate
datasets/raw/rdd2022/converted/images/China_MotorBike_001717.jpg,dup-00048,2,near_duplicate
datasets/raw/rdd2022/converted/images/China_MotorBike_001718.jpg,,,unique
datasets/raw/rdd2022/converted/images/China_MotorBike_001719.jpg,dup-00048,15,near_duplicate
datasets/raw/rdd2022/converted/images/China_MotorBike_001720.jpg,,,unique
datasets/raw/rdd2022/converted/images/China_MotorBike_001721.jpg,dup-00202,0,near_duplicate
datasets/raw/rdd2022/converted/images/China_MotorBike_001722.jpg,dup-00016,11,near_duplicate
datasets/raw/rdd2022/converted/images/China_MotorBike_001723.jpg,,,unique
datasets/raw/rdd2022/converted/images/China_MotorBike_001724.jpg,dup-00100,3,near_duplicate
datasets/raw/rdd2022/converted/images/China_MotorBike_001725.jpg,dup-00095,5,near_duplicate
datasets/raw/rdd2022/converted/images/China_MotorBike_001726.jpg,,,unique
datasets/raw/rdd2022/converted/images/China_MotorBike_001727.jpg,dup-00189,5,near_duplicate
datasets/raw/rdd2022/converted/images/China_MotorBike_001728.jpg,dup-00094,9,near_duplicate
datasets/raw/rdd2022/converted/images/China_MotorBike_001729.jpg,dup-00177,6,near_duplicate
datasets/raw/rdd2022/converted/images/China_MotorBike_001730.jpg,dup-00014,3,near_duplicate
datasets/raw/rdd2022/converted/images/China_MotorBike_001731.jpg,,,unique
datasets/raw/rdd2022/converted/images/China_MotorBike_001732.jpg,dup-00198,6,near_duplicate
datasets/raw/rdd2022/converted/images/China_MotorBike_001733.jpg,dup-00102,7,near_duplicate
datasets/raw/rdd2022/converted/images/China_MotorBike_001734.jpg,,,unique
datasets/raw/rdd2022/converted/images/China_MotorBike_001735.jpg,,,unique
datasets/raw/rdd2022/converted/images/China_MotorBike_001736.jpg,,,unique
datasets/raw/rdd2022/converted/images/China_MotorBike_001737.jpg,,,unique
datasets/raw/rdd2022/converted/images/China_MotorBike_001738.jpg,dup-00016,20,near_duplicate
datasets/raw/rdd2022/converted/images/China_MotorBike_001739.jpg,,,unique
datasets/raw/rdd2022/converted/images/China_MotorBike_001740.jpg,,,unique
datasets/raw/rdd2022/converted/images/China_MotorBike_001741.jpg,dup-00030,5,near_duplicate
datasets/raw/rdd2022/converted/images/China_MotorBike_001742.jpg,,,unique
datasets/raw/rdd2022/converted/images/China_MotorBike_001743.jpg,,,unique
datasets/raw/rdd2022/converted/images/China_MotorBike_001744.jpg,,,unique
datasets/raw/rdd2022/converted/images/China_MotorBike_001745.jpg,dup-00009,4,near_duplicate
datasets/raw/rdd2022/converted/images/China_MotorBike_001746.jpg,,,unique
datasets/raw/rdd2022/converted/images/China_MotorBike_001747.jpg,dup-00111,6,near_duplicate
datasets/raw/rdd2022/converted/images/China_MotorBike_001748.jpg,dup-00100,5,near_duplicate
datasets/raw/rdd2022/converted/images/China_MotorBike_001749.jpg,dup-00024,8,near_duplicate
datasets/raw/rdd2022/converted/images/China_MotorBike_001750.jpg,dup-00040,4,near_duplicate
datasets/raw/rdd2022/converted/images/China_MotorBike_001751.jpg,,,unique
datasets/raw/rdd2022/converted/images/China_MotorBike_001752.jpg,,,unique
datasets/raw/rdd2022/converted/images/China_MotorBike_001753.jpg,,,unique
datasets/raw/rdd2022/converted/images/China_MotorBike_001754.jpg,dup-00011,8,near_duplicate
datasets/raw/rdd2022/converted/images/China_MotorBike_001755.jpg,,,unique
datasets/raw/rdd2022/converted/images/China_MotorBike_001756.jpg,,,unique
datasets/raw/rdd2022/converted/images/China_MotorBike_001757.jpg,dup-00128,11,near_duplicate
datasets/raw/rdd2022/converted/images/China_MotorBike_001758.jpg,dup-00022,9,near_duplicate
datasets/raw/rdd2022/converted/images/China_MotorBike_001759.jpg,,,unique
datasets/raw/rdd2022/converted/images/China_MotorBike_001760.jpg,,,unique
datasets/raw/rdd2022/converted/images/China_MotorBike_001761.jpg,dup-00032,11,near_duplicate
datasets/raw/rdd2022/converted/images/China_MotorBike_001762.jpg,,,unique
datasets/raw/rdd2022/converted/images/China_MotorBike_001763.jpg,,,unique
datasets/raw/rdd2022/converted/images/China_MotorBike_001764.jpg,,,unique
datasets/raw/rdd2022/converted/images/China_MotorBike_001765.jpg,,,unique
datasets/raw/rdd2022/converted/images/China_MotorBike_001766.jpg,,,unique
datasets/raw/rdd2022/converted/images/China_MotorBike_001767.jpg,,,unique
datasets/raw/rdd2022/converted/images/China_MotorBike_001768.jpg,dup-00069,6,near_duplicate
datasets/raw/rdd2022/converted/images/China_MotorBike_001769.jpg,dup-00171,3,near_duplicate
datasets/raw/rdd2022/converted/images/China_MotorBike_001770.jpg,dup-00176,3,near_duplicate
datasets/raw/rdd2022/converted/images/China_MotorBike_001771.jpg,dup-00203,0,near_duplicate
datasets/raw/rdd2022/converted/images/China_MotorBike_001772.jpg,dup-00017,6,near_duplicate
datasets/raw/rdd2022/converted/images/China_MotorBike_001773.jpg,dup-00048,7,near_duplicate
datasets/raw/rdd2022/converted/images/China_MotorBike_001774.jpg,,,unique
datasets/raw/rdd2022/converted/images/China_MotorBike_001775.jpg,dup-00070,3,near_duplicate
datasets/raw/rdd2022/converted/images/China_MotorBike_001776.jpg,dup-00041,5,near_duplicate
datasets/raw/rdd2022/converted/images/China_MotorBike_001777.jpg,,,unique
datasets/raw/rdd2022/converted/images/China_MotorBike_001778.jpg,dup-00004,2,near_duplicate
datasets/raw/rdd2022/converted/images/China_MotorBike_001779.jpg,,,unique
datasets/raw/rdd2022/converted/images/China_MotorBike_001780.jpg,,,unique
datasets/raw/rdd2022/converted/images/China_MotorBike_001781.jpg,,,unique
datasets/raw/rdd2022/converted/images/China_MotorBike_001782.jpg,dup-00033,5,near_duplicate
datasets/raw/rdd2022/converted/images/China_MotorBike_001783.jpg,dup-00032,5,near_duplicate
datasets/raw/rdd2022/converted/images/China_MotorBike_001784.jpg,,,unique
datasets/raw/rdd2022/converted/images/China_MotorBike_001785.jpg,dup-00067,2,near_duplicate
datasets/raw/rdd2022/converted/images/China_MotorBike_001786.jpg,,,unique
datasets/raw/rdd2022/converted/images/China_MotorBike_001787.jpg,,,unique
datasets/raw/rdd2022/converted/images/China_MotorBike_001788.jpg,,,unique
datasets/raw/rdd2022/converted/images/China_MotorBike_001789.jpg,,,unique
datasets/raw/rdd2022/converted/images/China_MotorBike_001790.jpg,dup-00153,4,near_duplicate
datasets/raw/rdd2022/converted/images/China_MotorBike_001791.jpg,,,unique
datasets/raw/rdd2022/converted/images/China_MotorBike_001792.jpg,,,unique
datasets/raw/rdd2022/converted/images/China_MotorBike_001793.jpg,dup-00036,3,near_duplicate
datasets/raw/rdd2022/converted/images/China_MotorBike_001794.jpg,,,unique
datasets/raw/rdd2022/converted/images/China_MotorBike_001795.jpg,dup-00191,6,near_duplicate
datasets/raw/rdd2022/converted/images/China_MotorBike_001796.jpg,dup-00048,2,near_duplicate
datasets/raw/rdd2022/converted/images/China_MotorBike_001797.jpg,dup-00109,3,near_duplicate
datasets/raw/rdd2022/converted/images/China_MotorBike_001798.jpg,,,unique
datasets/raw/rdd2022/converted/images/China_MotorBike_001799.jpg,,,unique
datasets/raw/rdd2022/converted/images/China_MotorBike_001800.jpg,,,unique
datasets/raw/rdd2022/converted/images/China_MotorBike_001801.jpg,,,unique
datasets/raw/rdd2022/converted/images/China_MotorBike_001802.jpg,,,unique
datasets/raw/rdd2022/converted/images/China_MotorBike_001803.jpg,dup-00103,12,near_duplicate
datasets/raw/rdd2022/converted/images/China_MotorBike_001804.jpg,,,unique
datasets/raw/rdd2022/converted/images/China_MotorBike_001805.jpg,dup-00137,10,near_duplicate
datasets/raw/rdd2022/converted/images/China_MotorBike_001806.jpg,,,unique
datasets/raw/rdd2022/converted/images/China_MotorBike_001807.jpg,,,unique
datasets/raw/rdd2022/converted/images/China_MotorBike_001808.jpg,,,unique
datasets/raw/rdd2022/converted/images/China_MotorBike_001809.jpg,dup-00074,6,near_duplicate
datasets/raw/rdd2022/converted/images/China_MotorBike_001810.jpg,,,unique
datasets/raw/rdd2022/converted/images/China_MotorBike_001811.jpg,dup-00185,6,near_duplicate
datasets/raw/rdd2022/converted/images/China_MotorBike_001812.jpg,dup-00203,6,near_duplicate
datasets/raw/rdd2022/converted/images/China_MotorBike_001813.jpg,,,unique
datasets/raw/rdd2022/converted/images/China_MotorBike_001814.jpg,,,unique
datasets/raw/rdd2022/converted/images/China_MotorBike_001815.jpg,,,unique
datasets/raw/rdd2022/converted/images/China_MotorBike_001816.jpg,dup-00006,14,near_duplicate
datasets/raw/rdd2022/converted/images/China_MotorBike_001817.jpg,dup-00147,6,near_duplicate
datasets/raw/rdd2022/converted/images/China_MotorBike_001818.jpg,,,unique
datasets/raw/rdd2022/converted/images/China_MotorBike_001819.jpg,dup-00127,4,near_duplicate
datasets/raw/rdd2022/converted/images/China_MotorBike_001820.jpg,dup-00014,6,near_duplicate
datasets/raw/rdd2022/converted/images/China_MotorBike_001821.jpg,,,unique
datasets/raw/rdd2022/converted/images/China_MotorBike_001822.jpg,dup-00193,5,near_duplicate
datasets/raw/rdd2022/converted/images/China_MotorBike_001823.jpg,,,unique
datasets/raw/rdd2022/converted/images/China_MotorBike_001824.jpg,,,unique
datasets/raw/rdd2022/converted/images/China_MotorBike_001825.jpg,,,unique
datasets/raw/rdd2022/converted/images/China_MotorBike_001826.jpg,,,unique
datasets/raw/rdd2022/converted/images/China_MotorBike_001827.jpg,,,unique
datasets/raw/rdd2022/converted/images/China_MotorBike_001828.jpg,,,unique
datasets/raw/rdd2022/converted/images/China_MotorBike_001829.jpg,,,unique
datasets/raw/rdd2022/converted/images/China_MotorBike_001830.jpg,,,unique
datasets/raw/rdd2022/converted/images/China_MotorBike_001831.jpg,,,unique
datasets/raw/rdd2022/converted/images/China_MotorBike_001832.jpg,dup-00134,5,near_duplicate
datasets/raw/rdd2022/converted/images/China_MotorBike_001833.jpg,,,unique
datasets/raw/rdd2022/converted/images/China_MotorBike_001834.jpg,,,unique
datasets/raw/rdd2022/converted/images/China_MotorBike_001835.jpg,dup-00085,12,near_duplicate
datasets/raw/rdd2022/converted/images/China_MotorBike_001836.jpg,,,unique
datasets/raw/rdd2022/converted/images/China_MotorBike_001837.jpg,,,unique
datasets/raw/rdd2022/converted/images/China_MotorBike_001838.jpg,,,unique
datasets/raw/rdd2022/converted/images/China_MotorBike_001839.jpg,dup-00093,6,near_duplicate
datasets/raw/rdd2022/converted/images/China_MotorBike_001840.jpg,dup-00009,10,near_duplicate
datasets/raw/rdd2022/converted/images/China_MotorBike_001841.jpg,dup-00093,5,near_duplicate
datasets/raw/rdd2022/converted/images/China_MotorBike_001842.jpg,dup-00099,6,near_duplicate
datasets/raw/rdd2022/converted/images/China_MotorBike_001843.jpg,,,unique
datasets/raw/rdd2022/converted/images/China_MotorBike_001844.jpg,,,unique
datasets/raw/rdd2022/converted/images/China_MotorBike_001845.jpg,,,unique
datasets/raw/rdd2022/converted/images/China_MotorBike_001846.jpg,,,unique
datasets/raw/rdd2022/converted/images/China_MotorBike_001847.jpg,dup-00109,7,near_duplicate
datasets/raw/rdd2022/converted/images/China_MotorBike_001848.jpg,,,unique
datasets/raw/rdd2022/converted/images/China_MotorBike_001849.jpg,,,unique
datasets/raw/rdd2022/converted/images/China_MotorBike_001850.jpg,dup-00016,11,near_duplicate
datasets/raw/rdd2022/converted/images/China_MotorBike_001851.jpg,,,unique
datasets/raw/rdd2022/converted/images/China_MotorBike_001852.jpg,dup-00150,4,near_duplicate
datasets/raw/rdd2022/converted/images/China_MotorBike_001853.jpg,,,unique
datasets/raw/rdd2022/converted/images/China_MotorBike_001854.jpg,dup-00062,5,near_duplicate
datasets/raw/rdd2022/converted/images/China_MotorBike_001855.jpg,dup-00012,4,near_duplicate
datasets/raw/rdd2022/converted/images/China_MotorBike_001856.jpg,dup-00135,6,near_duplicate
datasets/raw/rdd2022/converted/images/China_MotorBike_001857.jpg,,,unique
datasets/raw/rdd2022/converted/images/China_MotorBike_001858.jpg,,,unique
datasets/raw/rdd2022/converted/images/China_MotorBike_001859.jpg,,,unique
datasets/raw/rdd2022/converted/images/China_MotorBike_001860.jpg,dup-00200,5,near_duplicate
datasets/raw/rdd2022/converted/images/China_MotorBike_001861.jpg,,,unique
datasets/raw/rdd2022/converted/images/China_MotorBike_001862.jpg,dup-00199,4,near_duplicate
datasets/raw/rdd2022/converted/images/China_MotorBike_001863.jpg,dup-00031,7,near_duplicate
datasets/raw/rdd2022/converted/images/China_MotorBike_001864.jpg,dup-00032,4,near_duplicate
datasets/raw/rdd2022/converted/images/China_MotorBike_001865.jpg,,,unique
datasets/raw/rdd2022/converted/images/China_MotorBike_001866.jpg,,,unique
datasets/raw/rdd2022/converted/images/China_MotorBike_001867.jpg,,,unique
datasets/raw/rdd2022/converted/images/China_MotorBike_001868.jpg,dup-00196,5,near_duplicate
datasets/raw/rdd2022/converted/images/China_MotorBike_001869.jpg,dup-00016,12,near_duplicate
datasets/raw/rdd2022/converted/images/China_MotorBike_001870.jpg,dup-00008,17,near_duplicate
datasets/raw/rdd2022/converted/images/China_MotorBike_001871.jpg,,,unique
datasets/raw/rdd2022/converted/images/China_MotorBike_001872.jpg,,,unique
datasets/raw/rdd2022/converted/images/China_MotorBike_001873.jpg,,,unique
datasets/raw/rdd2022/converted/images/China_MotorBike_001874.jpg,dup-00197,4,near_duplicate
datasets/raw/rdd2022/converted/images/China_MotorBike_001875.jpg,,,unique
datasets/raw/rdd2022/converted/images/China_MotorBike_001876.jpg,dup-00006,12,near_duplicate
datasets/raw/rdd2022/converted/images/China_MotorBike_001877.jpg,dup-00005,5,near_duplicate
datasets/raw/rdd2022/converted/images/China_MotorBike_001878.jpg,,,unique
datasets/raw/rdd2022/converted/images/China_MotorBike_001879.jpg,,,unique
datasets/raw/rdd2022/converted/images/China_MotorBike_001880.jpg,dup-00028,6,near_duplicate
datasets/raw/rdd2022/converted/images/China_MotorBike_001881.jpg,,,unique
datasets/raw/rdd2022/converted/images/China_MotorBike_001882.jpg,,,unique
datasets/raw/rdd2022/converted/images/China_MotorBike_001883.jpg,dup-00036,1,near_duplicate
datasets/raw/rdd2022/converted/images/China_MotorBike_001884.jpg,,,unique
datasets/raw/rdd2022/converted/images/China_MotorBike_001885.jpg,,,unique
datasets/raw/rdd2022/converted/images/China_MotorBike_001886.jpg,,,unique
datasets/raw/rdd2022/converted/images/China_MotorBike_001887.jpg,,,unique
datasets/raw/rdd2022/converted/images/China_MotorBike_001888.jpg,,,unique
datasets/raw/rdd2022/converted/images/China_MotorBike_001889.jpg,dup-00128,10,near_duplicate
datasets/raw/rdd2022/converted/images/China_MotorBike_001890.jpg,,,unique
datasets/raw/rdd2022/converted/images/China_MotorBike_001891.jpg,,,unique
datasets/raw/rdd2022/converted/images/China_MotorBike_001892.jpg,,,unique
datasets/raw/rdd2022/converted/images/China_MotorBike_001893.jpg,dup-00202,6,near_duplicate
datasets/raw/rdd2022/converted/images/China_MotorBike_001894.jpg,dup-00192,4,near_duplicate
datasets/raw/rdd2022/converted/images/China_MotorBike_001895.jpg,dup-00049,5,near_duplicate
datasets/raw/rdd2022/converted/images/China_MotorBike_001896.jpg,dup-00143,5,near_duplicate
datasets/raw/rdd2022/converted/images/China_MotorBike_001897.jpg,,,unique
datasets/raw/rdd2022/converted/images/China_MotorBike_001898.jpg,,,unique
datasets/raw/rdd2022/converted/images/China_MotorBike_001899.jpg,,,unique
datasets/raw/rdd2022/converted/images/China_MotorBike_001900.jpg,dup-00023,6,near_duplicate
datasets/raw/rdd2022/converted/images/China_MotorBike_001901.jpg,,,unique
datasets/raw/rdd2022/converted/images/China_MotorBike_001902.jpg,dup-00097,6,near_duplicate
datasets/raw/rdd2022/converted/images/China_MotorBike_001903.jpg,,,unique
datasets/raw/rdd2022/converted/images/China_MotorBike_001904.jpg,,,unique
datasets/raw/rdd2022/converted/images/China_MotorBike_001905.jpg,,,unique
datasets/raw/rdd2022/converted/images/China_MotorBike_001906.jpg,,,unique
datasets/raw/rdd2022/converted/images/China_MotorBike_001907.jpg,,,unique
datasets/raw/rdd2022/converted/images/China_MotorBike_001908.jpg,,,unique
datasets/raw/rdd2022/converted/images/China_MotorBike_001909.jpg,,,unique
datasets/raw/rdd2022/converted/images/China_MotorBike_001910.jpg,,,unique
datasets/raw/rdd2022/converted/images/China_MotorBike_001911.jpg,,,unique
datasets/raw/rdd2022/converted/images/China_MotorBike_001912.jpg,,,unique
datasets/raw/rdd2022/converted/images/China_MotorBike_001913.jpg,,,unique
datasets/raw/rdd2022/converted/images/China_MotorBike_001914.jpg,,,unique
datasets/raw/rdd2022/converted/images/China_MotorBike_001915.jpg,dup-00043,2,near_duplicate
datasets/raw/rdd2022/converted/images/China_MotorBike_001916.jpg,,,unique
datasets/raw/rdd2022/converted/images/China_MotorBike_001917.jpg,,,unique
datasets/raw/rdd2022/converted/images/China_MotorBike_001918.jpg,dup-00165,6,near_duplicate
datasets/raw/rdd2022/converted/images/China_MotorBike_001919.jpg,dup-00067,8,near_duplicate
datasets/raw/rdd2022/converted/images/China_MotorBike_001920.jpg,,,unique
datasets/raw/rdd2022/converted/images/China_MotorBike_001921.jpg,,,unique
datasets/raw/rdd2022/converted/images/China_MotorBike_001922.jpg,,,unique
datasets/raw/rdd2022/converted/images/China_MotorBike_001923.jpg,dup-00124,6,near_duplicate
datasets/raw/rdd2022/converted/images/China_MotorBike_001924.jpg,,,unique
datasets/raw/rdd2022/converted/images/China_MotorBike_001925.jpg,dup-00006,3,near_duplicate
datasets/raw/rdd2022/converted/images/China_MotorBike_001926.jpg,dup-00183,6,near_duplicate
datasets/raw/rdd2022/converted/images/China_MotorBike_001927.jpg,,,unique
datasets/raw/rdd2022/converted/images/China_MotorBike_001928.jpg,dup-00097,2,near_duplicate
datasets/raw/rdd2022/converted/images/China_MotorBike_001929.jpg,,,unique
datasets/raw/rdd2022/converted/images/China_MotorBike_001930.jpg,dup-00008,8,near_duplicate
datasets/raw/rdd2022/converted/images/China_MotorBike_001931.jpg,,,unique
datasets/raw/rdd2022/converted/images/China_MotorBike_001932.jpg,dup-00014,6,near_duplicate
datasets/raw/rdd2022/converted/images/China_MotorBike_001933.jpg,,,unique
datasets/raw/rdd2022/converted/images/China_MotorBike_001934.jpg,,,unique
datasets/raw/rdd2022/converted/images/China_MotorBike_001935.jpg,dup-00201,6,near_duplicate
datasets/raw/rdd2022/converted/images/China_MotorBike_001936.jpg,,,unique
datasets/raw/rdd2022/converted/images/China_MotorBike_001937.jpg,dup-00065,4,near_duplicate
datasets/raw/rdd2022/converted/images/China_MotorBike_001938.jpg,,,unique
datasets/raw/rdd2022/converted/images/China_MotorBike_001939.jpg,,,unique
datasets/raw/rdd2022/converted/images/China_MotorBike_001940.jpg,dup-00152,10,near_duplicate
datasets/raw/rdd2022/converted/images/China_MotorBike_001941.jpg,,,unique
datasets/raw/rdd2022/converted/images/China_MotorBike_001942.jpg,,,unique
datasets/raw/rdd2022/converted/images/China_MotorBike_001943.jpg,,,unique
datasets/raw/rdd2022/converted/images/China_MotorBike_001944.jpg,dup-00106,4,near_duplicate
datasets/raw/rdd2022/converted/images/China_MotorBike_001945.jpg,dup-00095,6,near_duplicate
datasets/raw/rdd2022/converted/images/China_MotorBike_001946.jpg,,,unique
datasets/raw/rdd2022/converted/images/China_MotorBike_001947.jpg,,,unique
datasets/raw/rdd2022/converted/images/China_MotorBike_001948.jpg,,,unique
datasets/raw/rdd2022/converted/images/China_MotorBike_001949.jpg,dup-00015,7,near_duplicate
datasets/raw/rdd2022/converted/images/China_MotorBike_001950.jpg,,,unique
datasets/raw/rdd2022/converted/images/China_MotorBike_001951.jpg,,,unique
datasets/raw/rdd2022/converted/images/China_MotorBike_001952.jpg,dup-00102,14,near_duplicate
datasets/raw/rdd2022/converted/images/China_MotorBike_001953.jpg,,,unique
datasets/raw/rdd2022/converted/images/China_MotorBike_001954.jpg,dup-00087,10,near_duplicate
datasets/raw/rdd2022/converted/images/China_MotorBike_001955.jpg,,,unique
datasets/raw/rdd2022/converted/images/China_MotorBike_001956.jpg,,,unique
datasets/raw/rdd2022/converted/images/China_MotorBike_001957.jpg,dup-00029,13,near_duplicate
datasets/raw/rdd2022/converted/images/China_MotorBike_001958.jpg,dup-00124,6,near_duplicate
datasets/raw/rdd2022/converted/images/China_MotorBike_001959.jpg,,,unique
datasets/raw/rdd2022/converted/images/China_MotorBike_001960.jpg,,,unique
datasets/raw/rdd2022/converted/images/China_MotorBike_001961.jpg,dup-00048,12,near_duplicate
datasets/raw/rdd2022/converted/images/China_MotorBike_001962.jpg,,,unique
datasets/raw/rdd2022/converted/images/China_MotorBike_001963.jpg,dup-00012,6,near_duplicate
datasets/raw/rdd2022/converted/images/China_MotorBike_001964.jpg,,,unique
datasets/raw/rdd2022/converted/images/China_MotorBike_001965.jpg,,,unique
datasets/raw/rdd2022/converted/images/China_MotorBike_001966.jpg,,,unique
datasets/raw/rdd2022/converted/images/China_MotorBike_001967.jpg,,,unique
datasets/raw/rdd2022/converted/images/China_MotorBike_001968.jpg,dup-00181,8,near_duplicate
datasets/raw/rdd2022/converted/images/China_MotorBike_001969.jpg,,,unique
datasets/raw/rdd2022/converted/images/China_MotorBike_001970.jpg,,,unique
datasets/raw/rdd2022/converted/images/China_MotorBike_001971.jpg,dup-00143,4,near_duplicate
datasets/raw/rdd2022/converted/images/China_MotorBike_001972.jpg,,,unique
datasets/raw/rdd2022/converted/images/China_MotorBike_001973.jpg,,,unique
datasets/raw/rdd2022/converted/images/China_MotorBike_001974.jpg,,,unique
datasets/raw/rdd2022/converted/images/China_MotorBike_001975.jpg,,,unique
datasets/raw/rdd2022/converted/images/China_MotorBike_001976.jpg,,,unique
